,domain
0,logindepobos.com
1,stfrancishousegnv.org
2,pakdebest.com
3,jutawan188b.fun
4,marinetestbed.com
5,jo777id.xyz
6,simanisnikita.com
7,weswagner.com
8,warmcomposition.pro
9,theagonistband.com
10,atta4d-3.com
11,cryomedboston.com
12,vulkan24online.co
13,kogakf.xyz
14,info-inters.xyz
15,cdnfiles.cc
16,tvtoonsindia.com
17,agen5000jp4.com
18,markas338utama.com
19,motoslotgg.pro
20,rphomelab.site
21,juara303.one
22,anime4up.cam
23,gustaprangabet101.com
24,banwing.com
25,ppc240120-12.com
26,toto368laut.com
27,newswiresai.com
28,shapurt.ru
29,azino777-xgz.top
30,kaass1.com
31,123movieshub.la
32,stardacasino-snm2.ru
33,ligamansion2ori.com
34,monte77terbang.com
35,dogelexusvip.online
36,588bets10.com
37,saritem.wiki
38,atta4ddisini.com
39,semitotojuara.com
40,depo138aq.com
41,zrzr6.com
42,rugtufting.shop
43,erenta.ru
44,pinupaz777.com
45,fresh309.casino
46,casavacanzeemily.it
47,motchilltw.org
48,mycasinoeldoradoy4.xyz
49,nunutv.me
50,mutiara99ac.shop
51,kent-casino-ndq.buzz
52,ofood.app
53,pelisplus.chat
54,iwin68clubm15.com
55,bukitjepe.xyz
56,bofyw.cn
57,meja138indo.com
58,altadefinizione.academy
59,rajaaladins.com
60,betwing88terbang.com
61,0123moviesgo.com
62,t55873.com
63,klikdewagg.com
64,udostowerenuyi-vsem.com
65,goldmansachsfunds.com
66,x9d5a.com
67,wetogelhiks.com
68,wajik777.city
69,weddingzen.online
70,cakar76amp.com
71,casino-pin-up.pro
72,rajaaladinaktif.com
73,indosange.icu
74,pokerdom-zbs1.fun
75,epharmacy.com.vn
76,moli77-cx.net
77,thorplay.vip
78,fortunaggkuat.com
79,344gorabet.com
80,pakuwon1.shop
81,8nv9b.com
82,fosil777ne.com
83,lakugesit.com
84,batteryline.ru
85,frends-cazino.life
86,dontorrent.icu
87,turbo-cazino.xyz
88,unlimcasic-fix.online
89,w24-caz.com
90,royal88makmur.com
91,prostitutkisevastopolyastart.info
92,samanagahq.com
93,asino-7.com
94,mpoxl-vip.art
95,wajibslotwr.com
96,altadefinizione01.express
97,777gl.net
98,789win.com.in
99,sangjepe.com
100,cuevana-3.global
101,tunggal303a.com
102,geulis-naga.com
103,resspuscle.com
104,bymas.ru
105,phimsexvungtrom.net
106,3sistersadventure.com
107,to-gel-jack-pot.com
108,angkringanslot.com
109,topflix.day
110,growyourstaff.com
111,uang77-vip.info
112,osis777gg.com
113,javcrot.net
114,jcl1tnj.pro
115,dapurpertama.com
116,won-005.pro
117,langkah4dke12.site
118,join-garuda88.com
119,infosmooth.xyz
120,132betorspin.com
121,capital0502.com
122,msah3.com
123,sgsbf.social
124,rgobetdream.com
125,registrationpokerdom.life
126,sexbam13.top
127,vulkan24-officialsite.info
128,diplom-kupit-3.org
129,zeus138prima.com
130,idr89gg.com
131,okevintogel.com
132,turbocasinos.shop
133,freeporncuminpussy.com
134,jurgn69slt.com
135,pokerdom2024.pics
136,pokerdommirror.xyz
137,eldoradocasino-221.buzz
138,gluvoob.com
139,tunggal303.news
140,bursa-games.com
141,ffhoky.com
142,kikislot12.com
143,siapkaya-star.com
144,solcasino-golos1.ru
145,ini777e.com
146,ferias777.app
147,uustototujuh.com
148,halo138kuat.com
149,capitaltotowin.com
150,miliar-slot77.lol
151,wajik777.tours
152,halolokasi.com
153,mp4moviez.limited
154,24vulkano.one
155,123moviesfree.sale
156,pobretv.guide
157,fresh301.casino
158,robotsgame.org
159,marketanugerahtoto.info
160,gamacasino335.com
161,saudaranada4d.com
162,luckycola.ag
163,wingstime.ru
164,altadefinizione.vodka
165,dr3b6.com
166,aatoto1.info
167,vavada462.info
168,main55win.quest
169,bersamabuntut77.shop
170,garuda4dzuss.online
171,casibom610.com
172,wajikslot.plus
173,infiniza.io
174,casino-7i.com
175,kunci777req.com
176,watchomovies.men
177,ptppu.co.id
178,diplomy-market.online
179,r7casino-ose.top
180,vulcanonlayn.com
181,lakutunai.com
182,casino7a.com
183,fbi91.com
184,t-f-t.net
185,bengkulutotogacor.info
186,poloyupi.com
187,nusantaraman.com
188,bestzzporno.info
189,krsakti999hoki.online
190,milikpapi.xyz
191,bickeraddicta.shop
192,canli.co
193,pokerdom42.site
194,bebasbokep.cfd
195,daddycasino-asd.top
196,boomingsukuna.com
197,ok88care.pro
198,453xslot.com
199,hondaapple.com
200,rupiahpagi.com
201,bacansportportals.icu
202,master0209.com
203,mpoidclassic.com
204,jun88rk.com
205,garilla-kazino.ru
206,slotmania89id.com
207,senterium.cloud
208,eqn888dior.com
209,casiino-online.net
210,pakuwon1.live
211,capitalterbesar.com
212,pemain123a.pro
213,nusantararatu.com
214,dutamovie21.life
215,tweetwood.com
216,kpilegend.com
217,mencug.pro
218,4hemat138.com
219,jaggogo.com
220,rus-ship.ru
221,pokerdomofficial.life
222,pokerdom2top.online
223,movierulzfree.life
224,gocap4dresmi.one
225,nakrutka-komnat-yappy.ru
226,berjayatogelnow3.xyz
227,fresh208.casino
228,f200mplay.store
229,dna2-dragon969.com
230,agenbaru.online
231,slotup88good.com
232,dlzwt.cn
233,suki99farming.online
234,topflix.date
235,crazyrichcoin.io
236,pokerdom-19.online
237,bokebhub.guru
238,fresh316.casino
239,champion-casino-lmp.buzz
240,yagtg.com
241,nusantaraoke.com
242,pobretv.tips
243,playfortunaonline.ru
244,jo777reborn.xyz
245,fresh213.casino
246,fortunabola1a.com
247,menaragopay.com
248,838269053.xyz
249,ebet188epik.com
250,bestcouponsforu.org
251,xxbs96d.buzz
252,onbet88.art
253,claritybw.co.uk
254,area188a8.net
255,family-network-offer.xyz
256,hdmovie2.date
257,cukongbetloginy.com
258,brokerlane1.com
259,rarelek.com
260,dripcasino-demo2.ru
261,bokepindoh.net
262,baki888f.xyz
263,draag0n138.com
264,ligahokie22ll.com
265,nrtsvc.com
266,vavadasiss.com
267,oppa99g.shop
268,gmsdeluxe-online.biz
269,lord-film.tv
270,69tx007.xyz
271,bersamalaki.com
272,garuda404sup.pro
273,cr3xh56ohy.shop
274,terjun4dluxury.com
275,totorajagm.com
276,kuy4ds.com
277,a786host.site
278,soda88slot88id.com
279,bbm4d011.com
280,canadabuyeds.com
281,cinta777c.info
282,vizerhd.app
283,mpogoal-setiaphari.com
284,ueslovesk.best
285,audiocxemr.ru
286,jyjgravitasi.com
287,freegurumk.best
288,galaxy77bersatu.xyz
289,pobretv.website
290,ponislot.homes
291,fals4djp4.com
292,anime4a4.shop
293,asuisn30.com
294,receh69link.org
295,pariszeus.com
296,winning-eldi.xyz
297,semangat4de.xyz
298,rajapunya.site
299,vintoto112.org
300,tupadaprime.com
301,intimlife.org
302,sexsev.vip
303,pobretv.ink
304,kuytunai4d.com
305,zdorovieiteru.click
306,fresh304.casino
307,racik198-shop.site
308,hondaslot4.com
309,money-car.lol
310,pokerdom-a0.site
311,fresh319.casino
312,sun-knife.cn
313,densusmewah.com
314,werijyi1.shop
315,pobreflix.vip
316,musangwina.com
317,ufo777depo.com
318,megabahis700.com
319,justicetion.com
320,joininuk.org
321,rekening777win.com
322,alcoclub7.ru
323,sexarostov.com
324,prava-vodit3.com
325,newretrocasinomb4.com
326,gol39666.com
327,gmsd24.com
328,f200mplay.website
329,bongdalu30.com
330,badaicuan.com
331,dragon138mac.com
332,peg74.com
333,brillcs.art
334,tidelinetickets.com
335,marinyelot.com
336,auto-bmx.com
337,ofjoinus.live
338,execuinsight.xyz
339,lido88mrms.com
340,vegas688setia.com
341,casino-maxslots.xyz
342,linkini777c.com
343,asuslemon.com
344,toonkor373.com
345,dripcasino-demo.com
346,lxieboyutcm.com
347,gacorbalance.store
348,bokepindoh.one
349,bandungair.com
350,kcscleaning.co.za
351,modapkoki.com
352,whlongdian.cn
353,e200m.shop
354,officials-pokerdom.digital
355,health-journal24.pro
356,sexygame666z.com
357,pin-up-registratciya.org
358,puaslink69.org
359,hotbb4-site.click
360,cuevana3.black
361,wookafr.boats
362,sm4d-cuan-zeus.site
363,f200mplay.ink
364,bulan3388.dev
365,khtpn4.com
366,4hu5s3.com
367,admiralx-hqh.top
368,herobolaherobola.com
369,paper-house.lol
370,123moviesfree.media
371,agen5000x.com
372,inipapa.id
373,zhensiyclub.ru
374,mpo888ll.com
375,waras4d.net
376,ligamansion2-qqw.site
377,pokerdom-23.online
378,sexonsk.ren
379,dragons888gold.com
380,nonton168.wiki
381,permatasuperwin.com
382,southfieldtownshipmi.gov
383,pokerdom-homes.site
384,fb88ibl.com
385,area188wr.net
386,idr89zz.com
387,bwinbet365k.com
388,goldjewleryoutlet918039.life
389,lordseria.co
390,spravka-neva.ru
391,vulkan24.support
392,inonomorsatu.com
393,2v8f7.com
394,atta4dfeb.com
395,laehoki88.com
396,clubwulkan.ltd
397,ejssf8.com
398,wfr6njr603.shop
399,wajik777.men
400,mahaking.site
401,fukexy10.buzz
402,gd88evo.com
403,turoktv.biz
404,pokerdom-casio.site
405,betwing88mabar.com
406,luansode.net
407,a8l37.xyz
408,clonx.xyz
409,11rekening168.com
410,abahgaul.com
411,pobretv.mba
412,meongwin-link4.com
413,ab2dinasty88.com
414,ijpofnqhfq.com
415,lev-grease.top
416,llsgrw.cn
417,arya88god.com
418,naga889berita.com
419,mauminum55.fun
420,1moviesda.net
421,rm8j2.com
422,mpo888jj.com
423,21royalsensa.com
424,fajartotoeasy.com
425,anaheimplazahotel.com
426,vulkan.fund
427,7bintang4d.net
428,adabolahiu.site
429,rsjyfw.top
430,cuan368newton.com
431,sexdamvl.org
432,24vulcan.page
433,nhacaiuytin.cx
434,mastermpo13.com
435,tryslimleaf.com
436,lim4dkuat.com
437,pokerdomrus.online
438,pokerdom-1spk2.site
439,topflix.center
440,kpi4dgemoy.com
441,trio777n.com
442,chicken-farm.lat
443,ibc88tea.com
444,gidra-best.ru
445,eldoradocasino-wnm.top
446,st66606.com
447,pokerdom-p0v5.shop
448,sinarhebat.com
449,1xlite-650594.top
450,situstoto139.com
451,cie4d7.site
452,fantasy99ug.com
453,manaboza63.com
454,besthdmovies.yachts
455,23rbb.com
456,link3super89.com
457,prava-4-you.site
458,f200mplay.site
459,play-fortuna-dxy.buzz
460,civic368percaya.com
461,casino7-a.com
462,yaelokreocmaker.com
463,rtpslotyowes69546.com
464,otattuz.online
465,bokepcrot.men
466,fotokrista.online
467,menangara.xyz
468,defreliant.com
469,giott4d3.life
470,tunas4d1.autos
471,samurai388asli.com
472,avtomaty-casino.me
473,alcodostavkaclub484.ru
474,filmymeet.store
475,atlantic78.world
476,kerupukkulit.xyz
477,klikbutton1.shop
478,money-x20.casino
479,fresh183.casino
480,fresh164.casino
481,belayamedveditsa.ru
482,dragon212hulu.com
483,futebolplayhd.link
484,sugarbarbados.com
485,jaun88ty.com
486,kentcasinob.online
487,brtorrentshd.org
488,filmestorrenthd.net
489,filmix.cc
490,y2mate.click
491,123moviesfree.vip
492,uus777slotonline.net
493,joker188ox.com
494,easyhealthlink.top
495,babeltotoslot.org
496,sexosimf.life
497,fresh171.casino
498,5e7bs3.com
499,pahlawanjos.store
500,fessasa5.org
501,lenderfinancialneeds.com
502,galaxytranslations97.com
503,idfulltoto.info
504,vavada3.website
505,gacor368seni.com
506,rio-bet-official-2024.site
507,pokerdom-tor1.homes
508,pokerdom-ru2.site
509,watchfreejavonline.co
510,olymp1fb5kfbxu1.xyz
511,casinodaddysite.xyz
512,nextgacor.makeup
513,xrptokogacor.site
514,wocketwallet.com
515,renatuscare.com
516,fresh160.casino
517,yhqzcg.com
518,musik4dvip.com
519,qq88link.com
520,warga123wins.com
521,ratlng-fare.ru
522,pokerdom-official-site.shop
523,selaluwddisabi.shop
524,mvking.org
525,avianjp.land
526,ennovelas.net
527,lavishloungebarandrestaurant.com
528,maxslots-casino.live
529,superbetin1296.com
530,yddh2.beauty
531,1xbet-oag.top
532,77win.gg
533,playslot77x.com
534,e1digitalmarketing.com
535,pakpunya.xyz
536,prostitutkianapygo.net
537,overflix.club
538,vulkan24site.com
539,pintublokirp.site
540,sell-my-car-us123.fyi
541,tayo4dam.net
542,krishutaff.com
543,fresh287.casino
544,imbaslot-area.com
545,mainsinarspin.xyz
546,sempurnatotoo.id
547,gama-cazino2024.online
548,bigluckjp.online
549,kudajhitu.xyz
550,colenak.wiki
551,bj88cc.live
552,kinokrad-tv.online
553,cheapviagrapharm.com
554,topaztalesco.com
555,dragon99bela.com
556,ccorprusschatnachatrus.online
557,nolimithoki36.lol
558,pokerdomgames777.online
559,fortubet.win
560,kololk.com
561,magerfire.com
562,casinofreespins32.online
563,i-moviehd.com
564,verpelisplus.com
565,x2a9d.com
566,mpo888bro.com
567,info-moving.xyz
568,poloraja.com
569,officials-pokerdom.life
570,tumi4dgacor.com
571,5movierulz.plus
572,ebet188yoonaaaa.com
573,mpotower.live
574,ramtoto-play.com
575,swatchseries.ru
576,fresh166.casino
577,alfa77aa.com
578,dmla6.com
579,ollo99.com
580,433357558.xyz
581,casino7h.com
582,bokepcrot.wtf
583,aiwentu.net
584,faselhdwatch.monster
585,fendi188b.com
586,cb01.army
587,leonbets-casino-8ik1.xyz
588,casinofreespins27.ru
589,gama---casinos.online
590,prostitutkisimferopolyacase.info
591,vavada-rub2.com
592,azino777-yxt.top
593,drag0n138.com
594,cerdas4d-999.com
595,cn-danhong.cn
596,lovehub.life
597,semyanych-shop.fun
598,menara188-com.online
599,torishiro.com
600,3kmovies.ltd
601,linkkupontoto.art
602,booicasino-des.top
603,platinumcasino259.com
604,qqgobethoki.fun
605,1xlite-7177785.top
606,feeddualrod.info
607,bolahiu2.com
608,soap2daysto.com
609,ab1dinasty88.com
610,fjulinv.info
611,utegm.com
612,nusa22euro.com
613,y200midr.autos
614,avatar-wins.xyz
615,fb88share.com
616,vodka21.bet
617,balivegasbaru.online
618,dapurmedan.pro
619,fav77spot.com
620,sextructuyen.pro
621,abmovecore.live
622,kububeruk.com
623,gocap4dini.com
624,vipglobalapps.monster
625,j7zkrb.mom
626,x6c5d.com
627,coockingtime-os99.pro
628,ecuevana3.info
629,mpo1221nice.info
630,vizer.fun
631,5btfd.com
632,garuda404real.com
633,copcwa.org
634,linklobby338.com
635,monperamerah.com
636,joycasino-id18.top
637,miliarslot77.city
638,neraka4dturbo.com
639,gomovies.delivery
640,fresh172.casino
641,1xbet-bhs.top
642,fresh233.casino
643,gocap4dresmi.com
644,world-gd.com
645,cuevana3.investments
646,lmcau.vip
647,rslot77jawa.com
648,remonttelefonovkey.ru
649,imanmadrid877.com
650,nusantarasegar.com
651,4huhhr.com
652,sinarspin.com
653,lewcasino.net
654,jianen.site
655,cewekslot.today
656,ssm89.com
657,kubujago.com
658,flexyokaymedia.com
659,hfesfreebnakdrew.fun
660,avsavtotrans.ru
661,casino7l.com
662,singamas88ag.com
663,situs-wetogel.com
664,m1y7b4x0r6.com
665,fresh344.casino
666,senjabertiga.com
667,rostab24.org
668,pokerdom-1top1.site
669,pelisplus.faith
670,enjoy-levis.xyz
671,akurat77e.online
672,yanmiangchang.cn
673,bustogel2d.com
674,rupiahweb.com
675,green-ping.com
676,kuuvi.co
677,pasukanlink88.org
678,fresh167.casino
679,wajikslot.vin
680,cat-casino-whq.buzz
681,anakslotgo.com
682,heisiph18.buzz
683,surgawinfun.com
684,cuevana.gift
685,prowinaja.com
686,carokfendi188.vip
687,nvbnegnyxnn.de
688,sempurnatotonew.com
689,cupangsaga.com
690,indopokerku.bid
691,soap2day.yoga
692,casinosophus.com
693,bangkitcuanboss.com
694,gasfulltoto.info
695,sexhiendai.pro
696,sinar123king.com
697,paladintoto48.com
698,radar138.com
699,chaghooosazi.shop
700,pbd5u.com
701,nanrencjg513.buzz
702,7k14.casino
703,casino7v.com
704,elevens4dp.com
705,qqgobet88cuan.com
706,skyfull12.xyz
707,x6c8b.com
708,frendscazino.art
709,vizerhd.org
710,pobretv.cloud
711,fairlicense.org
712,siapkaya-kings.com
713,omission119.fun
714,x6b9b.com
715,monperajitu.com
716,kapital77real.site
717,dewitogel789.com
718,pracodev.cz
719,sritotoice.com
720,deffacesis.live
721,drragon138.com
722,paladinjamin.site
723,kent-casino-rre.buzz
724,play1002.com
725,pinup-az24.com
726,balaktrusted.com
727,1win-online2.pro
728,gosel.name
729,nofoodwastedhere.com
730,bidwin88menang.com
731,sa365jamin.com
732,46tx.com
733,accessauctionsmnn.com
734,42ff0.com
735,555iij.com
736,cuandemo.com
737,audiocxemz.online
738,frendskazino.site
739,soap2day-to.app
740,nickiminajbeauty.com
741,baik4dresmi1.com
742,izzicasino-time.com
743,f200mplay.rest
744,melbet-sports-betting.top
745,caddebet534.com
746,sltboard.live
747,prizmabet532.com
748,pokerdom-58ap.pics
749,88slotdewayuk.info
750,play-fortuna-casino.today
751,itdphilosophy.ru
752,qqgb.lol
753,fortunabola333baru.com
754,mudahwin1.com
755,dragon99op.com
756,vulcanoplatinum.com
757,biolabet36.com
758,travellingedges.com
759,judimpo22.com
760,superfilmes.red
761,bitfinances.top
762,dyxs36.com
763,pokerdom-zz.shop
764,topbonus.press
765,joyboy-krd.best
766,skinbisa.com
767,linkwongkito4d.link
768,hidupslotokeh.com
769,zeus138858duniagaming.com
770,3fdcu7.mom
771,pokerdom-m2h4.homes
772,mariecurielegacy.org
773,platinumcasino157.com
774,playslot77mantap.com
775,rumah303vvip.com
776,fresh179.casino
777,togeljponly.com
778,dinasty88good8.com
779,topflix.ch
780,up9mj4x.life
781,muscle-pharma.tech
782,superpornohd.net
783,gsam.co.in
784,homsquran10.xyz
785,mn59.online
786,vd8b19m.com
787,cuevana.movie
788,vavada492.info
789,pokerdom2024.site
790,inkhappympo5.com
791,ovoggone.com
792,putraspinjago.xyz
793,bokepxxi.tel
794,onlypenang.com
795,mono77great.info
796,trackaccesssafe.com
797,tehraneonline.ir
798,desejo777.co
799,lido88ppice.com
800,tuttipazzi.cyou
801,newonlinecasino.ru
802,sexhd2k.com
803,ayutglwest711.pro
804,stardacasino-snm7.ru
805,cinemaluxe.blog
806,rostab.net
807,cuan368gaya.com
808,dragon4dkpop.com
809,wihdjhhldf.com
810,pokerdom-stars.online
811,r7-casino-gzt.buzz
812,capitalterbaik.com
813,4hutmn.com
814,84baywin.com
815,pcpro.beauty
816,progambler59.online
817,webizindia.com
818,vodka28.bet
819,responsivereads.com
820,psk777vip2b.com
821,edsflows.xyz
822,fresh-beautyex.com
823,altadefinizione01.repair
824,lebron17s.us
825,pelisflix.live
826,izzicasino179.com
827,accessauctionswxx.com
828,zbahis123.com
829,otattutka.online
830,musik4dyoung.com
831,arya88bni.com
832,cetar4dmain3.com
833,eocwpz9mdg.quest
834,official-pokerdom.space
835,omo777hoki.site
836,onomasant.com
837,bayuslotaja.shop
838,uncle-fendi188.vip
839,pinup-azerbaycan-24.com
840,agentbetlagi.com
841,movie4me.social
842,vulkan-platinum.rocks
843,wslot888xlvii.com
844,girlssevastopol.ru
845,sexygame666b.com
846,pokerdom-casino.homes
847,pokerdom-official.homes
848,gms-deluxe-casino.org
849,usahaprediksimacau.shop
850,pokergalaxygoal.com
851,vavadacazino.blog
852,pokerdom2poker.site
853,ctsagfg.com
854,mencaribhqq88.com
855,mpoidsah.com
856,surgawinhebat.com
857,filmazon.art
858,r57kr.com
859,omniscientreaderviewpoint.com
860,ywsgmw.cn
861,turkrutv27.com
862,frendskazino.bio
863,bokepcrot.mom
864,mukacrot.lol
865,capitaltotolancar.com
866,setwalls2.space
867,officialpokerdom.pics
868,deckmee.com
869,senangpaso.com
870,1win-az.com
871,halo138viral.com
872,gogacor89.com
873,cocobet138z3.xyz
874,creditcrafters.xyz
875,wajik777.town
876,ralphlaurensale-clearance.org.uk
877,pakistanjobss.com
878,cuevana-3.town
879,jestbahis502.com
880,papa-vape.shop
881,teorinusa.com
882,inosipalingcerah.com
883,thekhatrimaza.biz
884,8vx8g9.lol
885,mager4dklik.com
886,bj88games.win
887,ha09c0rtrus.com
888,punyaperak.online
889,hondanyx.com
890,rupiahnasa.com
891,cinemaluxe.online
892,qqturbo-zeus.com
893,dxlappcjuf.com
894,e200m.rest
895,danaggbest.com
896,richmaleorb.live
897,filmix.me
898,continuedness.autos
899,joylnk.com
900,torrentqq316.com
901,puas69nft.org
902,money-x10.casino
903,mpo888oo.com
904,inforajapoker.com
905,nana4dsenin.com
906,pragmatic4dhoki1.com
907,oficialny-sait-mostbet1.com
908,rajatogeljos.com
909,wajikslot.run
910,pelisplus3.tax
911,ekremabi820.com
912,amanahtenang.com
913,cuevana.supply
914,vizerhd.run
915,villadelaorotava.com
916,31jogo6.com
917,vuzinfo-ds.com
918,jagoan86main.com
919,sxchinesegirlz.one
920,beklandrover.com
921,izzicasino-time1.ru
922,premiumcountrypubcollection.co.uk
923,h5k9.live
924,n0zcljfiit.quest
925,log-insbctoto.com
926,casinodragon-money.ru
927,1859bet.com
928,1moviesda.com
929,xn--radja4d8-r44r.com
930,winlinezerkalo.net
931,eldoradozgamble.xyz
932,dream-hookah.ru
933,igdjbihxkk.com
934,jozz-casino-s.buzz
935,tobabet88c.pro
936,casino-vulcan11.com
937,zbcxw.cn
938,fresh-casino-pomogaem4.top
939,1xbet-prz.top
940,selaiduren.online
941,sp77rambo.com
942,risalesohbet.net
943,siberya-motors.ru
944,asia77wina.org
945,fuji388slotthailand.com
946,cessitive.com
947,genztoons.com
948,altyazihub4.site
949,thabet.trade
950,mabbuuktogel.com
951,rebahinxxi.online
952,cuevana.global
953,duniaklub006.com
954,h5m2.live
955,inioso.com
956,651520722.xyz
957,nex4play.site
958,panentogel.land
959,pokerdom-bonus.info
960,won-006.pro
961,kera99m.org
962,sexunsk.com
963,vuz-z9.info
964,towertoto88.com
965,gacormaluku.org
966,cuevana.broker
967,uw88super.com
968,jet-rctankspg1.top
969,casino7-euo.top
970,88kntn.xyz
971,pokerdom4casio.site
972,pokerdom-play-online.blog
973,sp77gaga.com
974,77slotspay.info
975,gudseelt.xyz
976,ggplay-88.xyz
977,lindipendenza.com
978,rajaxvigorku.com
979,area188tts.com
980,joycasino-uhx.buzz
981,4hu8ha.com
982,solarmovie.to
983,rajarolex.com
984,banscatter.com
985,jutawan188sip.online
986,uhakp98i.cc
987,4hukee.com
988,janda4dc4.com
989,betnis513.com
990,wetogelmantap.com
991,nu9qy8.com
992,77slotzpay.com
993,racik198-viral.com
994,casinoshka.biz
995,sv388vn7.com
996,admiralx-lun.top
997,murah138new.com
998,eldoradocasino-nga.top
999,cordoba99.life
1000,casinofun27.ru
1001,chutiyahai.online
1002,jeger88-five.org
1003,funbahis359.com
1004,prostitutkianapytask.net
1005,toonkor375.com
1006,pokerdom-world.pics
1007,top-casino-online.site
1008,lisboa77depan.com
1009,luneabadi.xyz
1010,fav77wing.info
1011,pandora88utama.com
1012,84d1ed51dcac.com
1013,pf21.net
1014,gtagas.org
1015,crichd.tv
1016,vylkan24club.website
1017,sinardewaterbaik.com
1018,janda4db6.com
1019,info-flow.xyz
1020,esoorsots.com
1021,rezekidijpto.com
1022,zeegame169.fun
1023,riobetcasino-24.ru
1024,24vulcan.fun
1025,mobe4d.com
1026,24vulcan.today
1027,1xbet-hji.top
1028,gmsd9.me
1029,delman567amp.site
1030,online-poker-dom.world
1031,vizerhd.art
1032,lordseriall.la
1033,parnells.org
1034,ramtotoasli.xyz
1035,capital0403.com
1036,imba-cuan1.xyz
1037,pobretv.world
1038,aaaclothing.ru
1039,allrise.click
1040,anakmedanlae.com
1041,gama-casinos.online
1042,vulkan-24-mobile.shop
1043,rajadewawin365.com
1044,udostowerenyj-rf.com
1045,vulcan-24-casinoz.pw
1046,bokepindoh.ink
1047,dxa29v4rmx.com
1048,roxcasino970.com
1049,ceban.wiki
1050,bayouge.com
1051,edstromectolzg.com
1052,brillcs.lol
1053,atta4dmrms.com
1054,fresh-castle1.ru
1055,duit123top.org
1056,loyalbahis340.com
1057,pokerdomregistration.shop
1058,betpas1009.com
1059,33msislot.com
1060,309529316.xyz
1061,piximg.ws
1062,nakurse-rus.xyz
1063,lsbns4.buzz
1064,galaxy77betkopiko.com
1065,idr89ko.com
1066,weeds-seeds4.xyz
1067,210625548.xyz
1068,1rkg777.games
1069,linkaksesrajabet123.site
1070,papatogelcuan.com
1071,f200m.site
1072,chekfis.org
1073,eldoradozz-whale.top
1074,cophutmost.com
1075,inomakinterang.com
1076,platinumcasino163.com
1077,mymoviz619.xyz
1078,wajikslot.blue
1079,joinscatterhitam.xyz
1080,bermain999.com
1081,trebiafe.com
1082,kpi4dlah.com
1083,viagra25.us
1084,prese10d.com
1085,4hub3x.com
1086,volna7.casino
1087,ub2e85.lol
1088,dicadoinflu.com
1089,adabolahiu.xyz
1090,carmis.cfd
1091,lion4dbest.com
1092,progambler.ru
1093,olb88.codes
1094,inoselaluterang.com
1095,pokerdomspoker.space
1096,leboro.es
1097,loginmamaslot99.com
1098,garuda404spy.pro
1099,m-ah-jong-118.com
1100,semibolabersatu.site
1101,sepuhangka.com
1102,gilaslotup88.net
1103,d-position.com
1104,slotup88king.com
1105,racik198-pro.site
1106,suletotoo.com
1107,rgroar.com
1108,forumeniso.com
1109,gacorhouse.site
1110,maxslots-casino.rocks
1111,freshcasino3004.com
1112,soju88jaya.shop
1113,fitbloggin.com
1114,casino7r.com
1115,kinoportal.vip
1116,eurekaddl.christmas
1117,luxestatus.cfd
1118,sule5000.net
1119,zeus138ampgacorsekali.com
1120,vavadanjm.com
1121,mbak4d2112.com
1122,topanbet-purple.com
1123,topanbet-rtp35.com
1124,sinardewav1.com
1125,g65hut.mom
1126,slotup88-3.com
1127,chickens-farms.art
1128,bollywood-casino-xzj.buzz
1129,laikanav-tavt036.com
1130,vodkatotoextra.com
1131,fresh264.casino
1132,wtnews.net
1133,merdekawin.shop
1134,vuz-e.info
1135,hondasusi.com
1136,pokerdom-18.site
1137,ciputraled.com
1138,yt5xe7.lol
1139,casinofreespins33.ru
1140,bandungmewah.org
1141,pokerdomspoker.vip
1142,wajik777.date
1143,hebat777-vip4.com
1144,fresh-casino-pomogaem.ru
1145,azino777-jsg.top
1146,wanitabetyok.com
1147,prava-na-traktor-1.site
1148,bokebhub.icu
1149,newscentral.top
1150,pwcsa.org
1151,globetrotterplace-ca-paris.fr
1152,sextop3x.org
1153,drgonmoney-vip.ru
1154,hebat777-vip5.com
1155,waydayclearout.com
1156,grandbet88amibo.space
1157,x5c2d.com
1158,won-004.pro
1159,sogoceria.com
1160,dwayneepps.com
1161,jetcasino-froid.com
1162,spark-api37.com
1163,cawan4d2.com
1164,klikme88web2.net
1165,frtoon220.com
1166,dude66.bet
1167,drgn-money-777.online
1168,samakilat69.com
1169,pokerdomofficial.digital
1170,pedro4dcuan.com
1171,hentaicb.one
1172,bonus-dom.online
1173,rtpslotoppa71256.com
1174,vulkan24-officialsite.net
1175,nochi-v-sochi12.ru
1176,torrentten12.com
1177,kilat69idn.com
1178,infotraffics.xyz
1179,megafilmes1.org
1180,cmbet32.com
1181,papafamid.org
1182,sttc3b.mom
1183,bestquotesnwishes.com
1184,qtechlabs.net
1185,mining-nstr.pro
1186,fullfenblog.tw
1187,pokerdom-promo-site.biz
1188,qiego.com
1189,joyboy-krd.com
1190,djshahganj.in
1191,69sexe-xlove.com
1192,cuevana2.army
1193,x9c2c.com
1194,fresh-casino-pomogaem2.ru
1195,qt8victory.com
1196,playslot77asli.com
1197,ss88gg.net
1198,garuda999slot.online
1199,idr89is.com
1200,789bet.house
1201,ddbzppg.cn
1202,prostitutkisevastopolyagood.com
1203,dentotocepat.com
1204,hk6d.uk
1205,livehd7s.com
1206,eldorado-777.co
1207,cuevana2.rip
1208,pland-wins.com
1209,mpo1221moon.com
1210,sizi99premium.com
1211,sextoptv.net
1212,nunutv.site
1213,bolahiu1.com
1214,jetcasino-glory1.ru
1215,fresh322.casino
1216,sob99a.com
1217,bjoplay-wow.online
1218,venus4dmanis.com
1219,cepatsangat.com
1220,i-dips-l.com
1221,vullcan-club.online
1222,nama138hoki.com
1223,maindinex.lol
1224,jozz-casino-y.buzz
1225,totallygames.com
1226,kimsacasino.com
1227,racik-198-top.store
1228,casino-7m.com
1229,sexorostov.online
1230,fukexy7.buzz
1231,promo-pokerdom.pics
1232,ezcomponents.org
1233,sendiriatta4d.com
1234,granat88qris.com
1235,jagomodel.life
1236,vulkanplatinum-club.com
1237,uusjitu.com
1238,klikkdewafb4.shop
1239,slotraja168.online
1240,delman567santai.site
1241,wajikslot.uno
1242,anakpiononi.com
1243,gmsdelux-club.com
1244,cukongbetforu.com
1245,3cuevana3.tube
1246,mpo800link5.com
1247,dragon69aaaaa.com
1248,stardacasino-snm.com
1249,vavada-casino-zerkalo-official.site
1250,ithikonakmeotaton.net
1251,mager4d.online
1252,fresh271.casino
1253,e200m.fun
1254,vavadaeee.com
1255,paladintotonew.com
1256,adahoki177.com
1257,levcluby3.xyz
1258,racik198-mang.com
1259,vkcauzu.com
1260,sritotosugar.com
1261,dewibengkulu.com
1262,ytswzkq.com
1263,kodomo99kece.com
1264,mpo1221goal.com
1265,hdtodaytv.nl
1266,pin-up-official.info
1267,pokerdom-ru1.site
1268,vespa613.com
1269,dentoto168.id
1270,hentai18vn.xyz
1271,vhsbox.blog
1272,bxrjh.com
1273,duit66king.com
1274,vuz-y.info
1275,4huwry.com
1276,nadaterbang3.online
1277,twosrealty.com
1278,topflix.band
1279,859939736.xyz
1280,spoqpn.lol
1281,4lordserials.xyz
1282,betsilin496.com
1283,inoselaluhoki.com
1284,ether777ori.com
1285,lptlfiukbvurqc3uxv3u.top
1286,apolo77one.online
1287,atom138.bid
1288,pokerdom6.online
1289,streamingcommunity.limo
1290,cuevana10.design
1291,u1rz7j.net
1292,dontorrent.business
1293,14casinobonus-ru.site
1294,shab04.com
1295,dragon212tartatus.com
1296,topflix.sale
1297,karirtotoals.com
1298,slotasiabet5yes.com
1299,imajbet1441.com
1300,dragonmoney50.ru
1301,1xslots-jnw.top
1302,bestzzporno.org
1303,bdnzlzz.cn
1304,lasix.site
1305,wisatajepangbt.com
1306,serverovo.com
1307,eldorado-casino-rbw.buzz
1308,goldmansachsahc.com
1309,gaspol77link.com
1310,kikislot199.com
1311,romanobetla.com
1312,pokerdom-3zvy15.ru
1313,pelisflix2.mov
1314,kent-cazino-u.buzz
1315,altadefinizione01.casino
1316,1jepangbet.com
1317,musik4dwangi.com
1318,pin-up-club.company
1319,canlitribun234.live
1320,kraken13at.top
1321,deportistas.net
1322,xvideosforsale.com
1323,ranigaruda55.com
1324,medamtruyenme.top
1325,cumakpi4d.com
1326,pelisflix2.college
1327,menaraplayh.com
1328,pokerdom-promosite.shop
1329,beadyfeet.com
1330,sahamtotovip33.com
1331,eldorado-casino-rbq.buzz
1332,benharrlist.com
1333,onbet88.link
1334,totoviral2.xyz
1335,granatmax.com
1336,dragon365the.com
1337,lk-polabet4d.com
1338,hdmoviehubs.net
1339,judimpofm.com
1340,masterjudibola-slot.org
1341,720pflix.shop
1342,ovovegas8008.com
1343,terbangplnt.com
1344,32738987.xyz
1345,panen138voucer.vip
1346,77emasid.art
1347,everythingelseiscake.com
1348,cuevanatv.mobi
1349,monte77pita.com
1350,sritotobig.com
1351,cityofglendalewv.com
1352,lakugacor.com
1353,won-010.info
1354,bahislion533.com
1355,toonkor376.com
1356,casinofun38.online
1357,sexusev.guru
1358,pastiini777.com
1359,brocute.com
1360,vegamoviez.cc
1361,potter-money.lol
1362,pokerdom12.fun
1363,soap2daye.com
1364,rslot77jakarta.com
1365,hk6d.bar
1366,qq-998gacor.com
1367,wakanda33word.com
1368,wslot888xlviii.com
1369,cazino-pokerdomk.buzz
1370,gsetfs.com
1371,w4nsa.com
1372,aawbygffsxoeudt.com
1373,36msislot.com
1374,docura777.org
1375,phimsexthudam.com
1376,torrentj146.com
1377,comicfans.net
1378,5e0fe.com
1379,roxcasino-moscow.com
1380,prava-na-traktor-6.org
1381,gmsdeluxe-zerkalo.org
1382,ghost-kel.com
1383,molen77.online
1384,futemax.mov
1385,sweet-sochi.com
1386,overflix.icu
1387,alexaslot138tha.com
1388,vulkan-24.net
1389,angkasaham.com
1390,klubnikacasino-fp.buzz
1391,www-lordfilm.org
1392,xn--o79au5n21b5yi3wmp4b.com
1393,pokerdom-xx.site
1394,soap2dayis.com
1395,fb88fan.com
1396,helixai.xyz
1397,alcodostavkaclub03.ru
1398,puas69link.org
1399,firstplay88meta.com
1400,premiocompartir.org
1401,jet-rctank.com
1402,bollywood-casino-xzz.buzz
1403,vlk24.net
1404,vodka23.bet
1405,brsp888.com
1406,jozz-casino-o.buzz
1407,comandotorrentshd50.org
1408,p5.game
1409,reneedro.com
1410,autospin777.asia
1411,prava-na-traktor-4.org
1412,nusantararesmi.com
1413,1-win-kazinos.space
1414,knipex-store.ru
1415,boswin.online
1416,wanterfall.com
1417,lovembah.xyz
1418,eurostreaming.money
1419,sizi99kece.com
1420,ggsbctoto.com
1421,teamlanhlung.info
1422,casino-7h.com
1423,toonkor372.com
1424,baim50.com
1425,bahislion534.com
1426,lotto123.bet
1427,qqgobet88.online
1428,prostitutkisimferopolyanext.net
1429,p200mthai.com
1430,booi15.online
1431,gama-casino.makeup
1432,casino-x-yhs.buzz
1433,eldorado-casino-vwj.buzz
1434,www-yt1s.com
1435,weeds-seeds.photos
1436,ebunok.fun
1437,pokerdom20.fun
1438,vodka30.bet
1439,lokaalnieuws.online
1440,repelis24.day
1441,glorydating.life
1442,wetogelgo.com
1443,notube.icu
1444,keraton4d.reise
1445,wiflix.date
1446,phimchill.me
1447,pinup-casino-jlp.buzz
1448,momilold.live
1449,breitbarthighoctane.com
1450,jacksinar.com
1451,fresh378.casino
1452,casino7-gnh.top
1453,megafilmeshd50.org
1454,leonbets-dpr9.xyz
1455,merdekaw1n.com
1456,pelisplus.boats
1457,moviesrulz.info
1458,dinasty88good3.com
1459,casinofreespins28.ru
1460,fresh244.casino
1461,sipalingromantis.com
1462,1xlite-241714.top
1463,ayokepersian.com
1464,togel69sees.com
1465,r7-casino-auw.top
1466,djarum4dhasil.com
1467,bokebhub.wiki
1468,pobretv.uno
1469,syka-casino.space
1470,thekhatrimaza.cab
1471,rvoyshgpwaswcwx.xyz
1472,j88.diy
1473,avamovie32.fun
1474,inoterbagusnih.com
1475,astra777top.com
1476,vavada3.life
1477,abahslot2024.com
1478,friendscazino.ws
1479,ywyewo.cn
1480,vegamovie.pics
1481,olb88.ws
1482,hello88c.win
1483,mpo1221main.info
1484,monpera168.org
1485,showertoto169.com
1486,hk6d.lol
1487,supermovies.mobi
1488,kios77ua.com
1489,agen234benar.com
1490,eldoradocasino-eog.top
1491,ts3team.pl
1492,pewe4drech.com
1493,f200m.xyz
1494,lunastotodaftar.com
1495,langit69g.com
1496,pobretv.gratis
1497,38w1fbuacr.cn
1498,cosmo-game.store
1499,baim4d13.com
1500,547kulisbet.com
1501,cf68.city
1502,vulkan24online.info
1503,topflix.team
1504,spark-api000.com
1505,1win-ets1.top
1506,jozz-casino-a.buzz
1507,menara188-link.com
1508,qmodapk.com
1509,progambler57.ru
1510,sakaujp.com
1511,hokki-chowder.com
1512,vavadast7.com
1513,sexsimf.life
1514,presidenslotxl.com
1515,pelisflix2.town
1516,zsglovesm.best
1517,fresh276.casino
1518,pepe77queen.xyz
1519,imbaslot-max.xyz
1520,tradingbotsreviews.com
1521,brenjitu4d.online
1522,cukongbetgood.com
1523,pokerdomcasino777.online
1524,haomenglvxing.cn
1525,jozz-casino-gjc.buzz
1526,altadefinizione01.coupons
1527,dalakony.pw
1528,slotspaypaycard.net
1529,omo777.shop
1530,samurai388kh.com
1531,wadifama.life
1532,gama-casino.hair
1533,intimcity.lol
1534,fresh333.casino
1535,poker-bet1.com
1536,bandar303.homes
1537,jaytoto3.com
1538,enhancemalenew.life
1539,riobetcasino-wop.top
1540,hj2404c6dc.top
1541,gocap4dresmi.co
1542,fox-2525.com
1543,casino-vulkan24.net
1544,dmla5.com
1545,hamean.top
1546,prediksialltogel.com
1547,pion138ku.makeup
1548,sereneshopfinds.com
1549,k63527.cc
1550,phimhdc.cc
1551,bokepcrot.media
1552,solcasino-mon.club
1553,monrocasino905.com
1554,ufac4a.com
1555,vuz7j.info
1556,bwinbet365v.com
1557,lovethefever.click
1558,kpi4dresmi.com
1559,mpotower009.com
1560,sledujserialy.sx
1561,flixtortv.to
1562,extrabet912.com
1563,mpo1221war.com
1564,omgzzz.gl
1565,apktogel05.com
1566,disiniresmilink.com
1567,psk777oke2b.com
1568,rhfwcaotjmlmbm.com
1569,ayutogelplz.com
1570,gma-electricpicks.com
1571,vavadacazino2.top
1572,socialgroove.xyz
1573,cryptobosscasin37.com
1574,thebestrichy.com
1575,azureberryrs.com
1576,alpha4dweb.com
1577,baimalphard.com
1578,capitaltototerbaik.com
1579,slot212lovers.com
1580,avtomaty-s-vyvodom.online
1581,7k-casino187.xyz
1582,pakong86cross.com
1583,guiadomarceneiro.com
1584,server-mars.net
1585,jurgn69cuy.com
1586,pobreflix.zip
1587,pafilamongan.org
1588,world4ufree.com
1589,cm98k9.mom
1590,rocnation.foo
1591,paoshubaxs.org
1592,pelisplus.guru
1593,bokepcrot.monster
1594,lakuangkasa.com
1595,oyyag.wiki
1596,qbitz.com
1597,dalangkasih.com
1598,cuevana3.pw
1599,tototogelmaju.com
1600,booi13.ru
1601,vulkanplatinum-play.com
1602,vegamovies.rsvp
1603,booi12.ru
1604,pelisplus3.cool
1605,casino-vulcan.photos
1606,wajikslot.zone
1607,up83656.com
1608,moment99.com
1609,monperalangit.com
1610,freshvip69.casino
1611,mainbukti.online
1612,vizerhd.mov
1613,gacor368dana.com
1614,73w756.lol
1615,casinozooma.online
1616,elevenfamilies.link
1617,winzcasino.space
1618,kentcasinob.ru
1619,nohu90.pe
1620,supertototogel.com
1621,doyansukses.com
1622,nelikdg.cn
1623,guardedtrail.com
1624,tunai4dbro.com
1625,swc-1.net
1626,cairtogel389.site
1627,tvmon3.org
1628,dana55ofc.com
1629,wollbang.cn
1630,dewata88-vip3.pro
1631,firstplay88siap.com
1632,aqstcw.cn
1633,mastermpo3.com
1634,mainlaetoto01.org
1635,triton-shops.ru
1636,wajik777.party
1637,radenprofit.com
1638,riki2024.com
1639,bongdalu688.com
1640,downhomeantiques.com
1641,cannihilippin.com
1642,kapital77cod.xyz
1643,mahtal.su
1644,pokerdom-ru.shop
1645,lgo99-ayo.com
1646,fukexy8.buzz
1647,saudias7.net
1648,kaass3.com
1649,money-x6.casino
1650,diva4dneww.com
1651,atlasbet613.com
1652,admiralx-ciu.top
1653,116784589.xyz
1654,asia128luxe.net
1655,ampkodok.site
1656,sexbam14.top
1657,altadefinizione01.gives
1658,cakar76.dev
1659,rajakuno.com
1660,cuevana-3.gives
1661,zrzr5.com
1662,pokerdom2play.online
1663,pokerdom24.info
1664,linkhappympo3.com
1665,qceh3g.mom
1666,bioskop21.today
1667,merpatismile.org
1668,1xbet-egw.xyz
1669,racik-198-lezat.online
1670,mir-porno.live
1671,6623a6.com
1672,sultanko99.com
1673,48j6f.com
1674,mahkota-honor.com
1675,sinargo1.com
1676,sueryerisk.live
1677,123-movies.rip
1678,aipratropium.com
1679,fukexy9.buzz
1680,wajikslot.tools
1681,goldman-sachs-exchange-traded-fund.com
1682,jamuslot02.com
1683,pamanrobot.site
1684,gadingx1500.com
1685,526turkbet.com
1686,cawan4dv.com
1687,bokepsin.red
1688,vulkan24casinosite.com
1689,aniwatchtv.tv
1690,casino-onion.club
1691,xoilacz95.live
1692,fukexy6.buzz
1693,1001maxwinbos.com
1694,titancomputer.services
1695,musimpentolbet.com
1696,x5e8b.com
1697,ktnukfabp.com
1698,sexsev.love
1699,uaflix.net
1700,ktvpg.app
1701,notaioschiavone.it
1702,casino7-spin.com
1703,pastimataharibet88.com
1704,pokerace99bill.com
1705,outstandinghoki.com
1706,truongta.com
1707,gjwebp.org
1708,pokerdomgames.site
1709,thesoap2days.com
1710,kso303.io
1711,jyjkumau.com
1712,nakitbahis874.com
1713,nsp1d.com
1714,hi-fidelity-forum.com
1715,9xmovie.studio
1716,clubnikacasinobonus.ru
1717,officialpokerdom.work
1718,topflix.vin
1719,retridrab.com
1720,sohoslotasli.com
1721,roxcasino4143.com
1722,rupiahsite.com
1723,pobretv.taxi
1724,leonbets-so2x.sbs
1725,pokerdom3.shop
1726,readlevelingsolomanga.com
1727,viewyourdeal-naboso.com
1728,1xbet-huv.top
1729,hornysimp.com.lv
1730,pop77uenak.info
1731,rs2jt6.com
1732,accessauctionsuvv.com
1733,hdfilmestorrent.com.br
1734,gpc40513-15.com
1735,tamsodroa.com
1736,efekjitu-togel.one
1737,angkatogel.cyou
1738,x2e5b.com
1739,superqt8.com
1740,yeahmovies.to
1741,dream-hookah.net
1742,pobretv.space
1743,jpbarengsultan.xyz
1744,tranquiliteaspot.com
1745,bokepcrot.quest
1746,casino7g.com
1747,qt8emero.com
1748,ligacuansuper.org
1749,3modal777.com
1750,dogelexuss.pics
1751,510-fvvg081.vip
1752,joycasino-aeu.top
1753,blacktogel06.org
1754,domer.lol
1755,surgawinhoki.com
1756,jet-murrumg1.top
1757,idr89us.com
1758,topdewakk.com
1759,vavadat32.com
1760,sbfsg.fun
1761,gemtown.site
1762,diplomuxbry.com
1763,pokerdom-bis.top
1764,gsam.co.jp
1765,slotozall.biz
1766,toonanime.co
1767,123moviesfree6.bar
1768,cakhiaq.tv
1769,y4y6za.lol
1770,intim-krd.net
1771,hoohootv56.xyz
1772,bidwin88keras.com
1773,buggativeyron.com
1774,rtpslotoppa87551.com
1775,bacot085.com
1776,apekslot88.vip
1777,vuz-up.info
1778,unpopbook.com
1779,health2challenge.org
1780,5movierulz2.xyz
1781,vizerhd.black
1782,fresh127.casino
1783,altadefinizione01.delivery
1784,eilcpev.cn
1785,surya303group.com
1786,cb01.poker
1787,yummy66.life
1788,how-to-download.store
1789,pokerdom-top.shop
1790,privatedarkwebmarkets.shop
1791,pakuwon1.team
1792,stabilitas.co.id
1793,a-fun.vip
1794,kasinojp.com
1795,dewaspin777.pro
1796,brtorrenthd.com
1797,fresh412.casino
1798,ah5ut.com
1799,benlyexpress.com
1800,menara188w.com
1801,gaspermatawin.com
1802,segi88slot.store
1803,pulaujudigrand.com
1804,fresh180.casino
1805,padisahbet639.com
1806,pokerdom2play.site
1807,toro168pro20.com
1808,hanslot88senang.com
1809,zeus138188portalgaming.com
1810,pillsenmag.com
1811,towbeas.com
1812,8kaaa.com
1813,sochnie-nochi.ru
1814,cat-casinoz.cyou
1815,audio-cxem.ru
1816,kelinci88a.com
1817,kenzo188log.us
1818,monperaskuy.com
1819,linkwdterus.com
1820,sha4u.net
1821,rupiahsore.com
1822,pokerdom-ru.blog
1823,supervintogel.com
1824,casinofun39.online
1825,suxjfid.cn
1826,torrentqq317.com
1827,boards-indirect.org
1828,wifikencang.live
1829,fontan-mobile.ru
1830,378135860.xyz
1831,aa2888helpcenter.co
1832,605660582.xyz
1833,lakubang.com
1834,briandubie.com
1835,x2d8b.com
1836,aaaaa661.com
1837,horemenang24.online
1838,doramasmp4.pet
1839,pencurimoviesubmalay.shop
1840,mpo888kk.com
1841,ggtzqaq.cc
1842,kios77xa.com
1843,mpl777vvip04.online
1844,vulkanmaximum-casino.xyz
1845,x9c2e.com
1846,theflixerz.to
1847,betsilin492.com
1848,s656.cc
1849,okedutampo.com
1850,ohrana-udo.top
1851,owltotomasukbro7.site
1852,4huunb.com
1853,pokerdom-play1.online
1854,filmix.ac
1855,inomajuterus.com
1856,djarum4dprestasi.com
1857,xrppacinko88.site
1858,azino777-ubn.top
1859,callmadewon.live
1860,lotus2gacor.live
1861,giototoplay.buzz
1862,kupontototogel.monster
1863,topflix.red
1864,gms-deluxe-kasino.net
1865,pluxee.app
1866,wnihongkong.com
1867,vegamovies4u.shop
1868,rainjpk.com
1869,mau777top.net
1870,animevietsub.us
1871,aceng.pro
1872,gerhanatotosukses88.net
1873,c8y7z92let.com
1874,x6d5b.com
1875,pokerdom6.shop
1876,sulekita.com
1877,anime4up.tv
1878,fishtoyourdoor.com
1879,paladintoto422.com
1880,380xslot.com
1881,airjordanmensshoes.com
1882,dewijambi.com
1883,435333013.xyz
1884,kanghasun.shop
1885,vavadap9.fun
1886,shengqian2345.cn
1887,ultrapermatawin.com
1888,banmewah.com
1889,prmovies.town
1890,pokerdom-7w7t.homes
1891,mpo999-1p.com
1892,gpuauf.xyz
1893,ekateriinburg-medspravki.ru
1894,essayonlineservice.org
1895,cuevana3z.wiki
1896,skyberkah.click
1897,main-di-moli77.net
1898,sbctotodihati.com
1899,vavada337.info
1900,casino7e.com
1901,fav77jog.info
1902,kpi4dsah.com
1903,pelisplushd.art
1904,tsecevents.com
1905,dragon88best.com
1906,fb88abc.com
1907,cratosroyalbett.com
1908,roxcasino-expo.ru
1909,soap2day-free.net
1910,polasedanghoki.org
1911,danaggonline.com
1912,flixhq.bz
1913,pokerdom-games.homes
1914,pokerdom-gold.site
1915,anime4up.top
1916,c19hcc.org
1917,pobretv.homes
1918,play-vulkangames.com
1919,phimheo69.pro
1920,magic-tpw.com
1921,pradiactos.site
1922,blue-isolate.com
1923,v49n83.lol
1924,casinofun26.ru
1925,multicanais.ac
1926,moneyez.info
1927,theentertainzers.com
1928,cynexis.com
1929,xoilaczgz.tv
1930,solcasino44.top
1931,wjkasino.id
1932,pakdecepat.com
1933,hobimain.team
1934,soaps2day.day
1935,meja-138.com
1936,sexvietnam.wtf
1937,ubuy.dz
1938,pin-up-kazino.rocks
1939,frendkazino.rest
1940,hydrochlorothiazidekupa.com
1941,multicanais.lt
1942,monperamantap.com
1943,kors-group-geely.ru
1944,roxcasino98.com
1945,tinjanemere.live
1946,infoaffluents.xyz
1947,irritorques.com
1948,fresh194.casino
1949,soap2dayofficial.com
1950,gueakdtfjtpbd.com
1951,5uqaq.com
1952,1cwbet.com
1953,fresh93.casino
1954,kakekjp3.yachts
1955,dominatesscooter.com
1956,ini-777link.com
1957,sfe63n.com
1958,vodka27.bet
1959,aset69dana.buzz
1960,8usclubgame3.com
1961,capitaltotoputih.com
1962,117726.cn
1963,bento4dkuat.com
1964,percayabosku777.org
1965,torrentqq320.com
1966,linkbong88moinhat.org
1967,uustotoenam.com
1968,magerair.com
1969,diziyou.xyz
1970,leonbets-casino-iei8.xyz
1971,cb01.parts
1972,starwars-money.xyz
1973,dragongolds88.com
1974,alo.bet
1975,privatedarkwebmarket.com
1976,isngehd.cn
1977,darwincliffson.com
1978,fresh308.casino
1979,h5s7.live
1980,rajapilih.lol
1981,y200mlive.autos
1982,topflix.bar
1983,aatoto.me
1984,41msislot.com
1985,viet69.at
1986,superrhoki.com
1987,mager4dpas.com
1988,pakuwon1.asia
1989,coinoplibrary.com
1990,epicloot.cc
1991,vegamovie.rent
1992,esse4d92.com
1993,menara4d-cuan.com
1994,fairitohisu.com
1995,anwap.org
1996,brillx36.gg
1997,kangengagah4d.store
1998,officialz-pokerdom.click
1999,lotus2gacor.life
2000,monte77bonus.com
2001,kjgjhghsdgsgtrdkg-ksdj.co.uk
2002,inomakinjaya.com
2003,wbocashkeren.org
2004,pesgslot-ori.pro
2005,alfamantap.com
2006,tizanidinesojero.com
2007,pobretv.one
2008,babeltoto.xyz
2009,meftormin.online
2010,roa21.com
2011,monrocasino502.com
2012,jp368bb.xyz
2013,galaxy77betsodajp.com
2014,pokerbro11.online
2015,theatretabard.click
2016,wawacity.red
2017,vavadaux.buzz
2018,musang288mpo.com
2019,latesthdmovies.date
2020,mahkota33-id.com
2021,qafquran3.xyz
2022,uang4d-cam.rest
2023,mbahduit.xyz
2024,sahamtotosdy.com
2025,x6c9a.com
2026,yakin777moon.org
2027,eldoradocasino-hyk.top
2028,1sofabet88.org
2029,tigoals87.com
2030,wakanda33gala.com
2031,p200mbagus.online
2032,pokerdom-10.online
2033,cybernewstrend.com
2034,g4yrpea3n2.com
2035,pointloto7.com
2036,clipnhanhxyz.net
2037,bulanjos.id
2038,for885925.com
2039,gmsd-slots.com
2040,jun88rd.com
2041,dunia21.boats
2042,admiralx-eqo.top
2043,1237bets10.com
2044,slotup88jaya.com
2045,lordserial.gdn
2046,fcay32.lol
2047,permainan999.com
2048,sportshub.fan
2049,maxplay303topcer.com
2050,toonkor362.com
2051,won-010.pro
2052,skwslotnow.life
2053,pelisplus3.uno
2054,justiciacontente.com
2055,idr89i.com
2056,tubidy.ws
2057,593bets10.com
2058,lev-casino-qhn.buzz
2059,dragonslot99-maxwin.net
2060,f200mplay.live
2061,merpatiseru.org
2062,firstplay88mabar.com
2063,cuan247fly.com
2064,boundtobebooks.ca
2065,x8b9b.com
2066,uw99th.com
2067,alcodostavkaclub3.ru
2068,jet56.casino
2069,casibom632.com
2070,merdekawin.fun
2071,mts69kaya.online
2072,myrealporncom.com
2073,lawyer-consultation-pro-query.today
2074,robot-game.org
2075,betcool440.com
2076,cooshigi.xyz
2077,newscloudgraphics.com
2078,cuevana3x.to
2079,tuoi69z.link
2080,6emu2a.com
2081,dotaslotvip1.xyz
2082,ilengmen.com
2083,gogoanimes.fi
2084,eqn888ina.com
2085,superfun99wild.com
2086,hdmovies4u.fans
2087,uscoatings.com
2088,menara188-resmi.com
2089,romanobet1002.com
2090,gojek77jos.com
2091,ranchirockers18.in
2092,newtoon224.com
2093,bukit4d5.com
2094,axaz18.com
2095,nusa89full.com
2096,877787200.xyz
2097,datatogel-jp.site
2098,izzi-gostin2.top
2099,cuevana.jetzt
2100,8hwbet.com
2101,pawangslt88-link.xyz
2102,joycasino-official.ltd
2103,lk21-semi.com
2104,y200midr.cfd
2105,enjoydating.one
2106,pandora88won1.com
2107,mansheet.org
2108,vartotogacor.com
2109,miko69info.org
2110,gala288h.com
2111,bri4dgas.com
2112,vavada-casino-obk.buzz
2113,vavada-k50.buzz
2114,bkxstxt.com
2115,officialpokerdom.world
2116,9b8tzj.lol
2117,kuat4djagonyaslot.site
2118,kage.ro
2119,konglo123-jp5.online
2120,volna109.casino
2121,glsairplus.org
2122,qrisgadun22.com
2123,startrackwindowsolutions.com
2124,kompas138wow.com
2125,sultanplay77.gratis
2126,vavada-grt38.fun
2127,won-009.pro
2128,tokekwinpro.link
2129,admiralx-llv.top
2130,jagoan86click.com
2131,hokisound.com
2132,dapurmamak.pro
2133,laris88viral.com
2134,kuydipanjang4d.com
2135,funnygamecentral.com
2136,julhopg.com
2137,1eenwdzi.com
2138,pokerdom-new.pics
2139,trio777m.com
2140,vrhackathon.co
2141,jetbahis677.com
2142,1225bets10.com
2143,xmedia.vip
2144,manadoviolet.com
2145,mir-tabaka.com
2146,decuevana3.com
2147,pamspartyrentals.com
2148,actifithealth.top
2149,sobterbaik.com
2150,diplom-kupit.club
2151,shmobai.cn
2152,curresugar.shop
2153,spabetvip.com
2154,mposportjitu.com
2155,pokerdom7.fun
2156,ysgfm.com
2157,topflix.show
2158,iwin.rip
2159,whodiscoveredit.com
2160,angodesporto.com
2161,140betorspin.com
2162,pokerdommirror.online
2163,rikijuara.com
2164,pobreflixhd.red
2165,x5d6a.com
2166,betbigo573.com
2167,gms-deluxe-casino.wiki
2168,yjeu3.com
2169,laborzina.it
2170,zoopornsexx.su
2171,pobretv.vet
2172,galaxy77betrajasinga.xyz
2173,513182403.xyz
2174,ovobetsatu.com
2175,giftnewsmix.live
2176,fresh161.casino
2177,freshvip50.casino
2178,4phm3k.net
2179,277255911.xyz
2180,alfa-cheki.biz
2181,azithromycind.online
2182,pokerdom-27.fun
2183,won-018.pro
2184,tdtc20g.com
2185,jaun88quy.com
2186,wajik777.wine
2187,javaslot88cantik.com
2188,1gocasino-new2.ru
2189,akarslot7712.com
2190,hugelovesgirls.net
2191,pelisflix2.trade
2192,c2cc7th.com
2193,qpx2g.com
2194,pokerdom-a8.fun
2195,dragon138moana.com
2196,609bets10.com
2197,ninobola73.com
2198,layarslotme.xyz
2199,topflix.mobi
2200,levisbola.com
2201,casinoshka.click
2202,australiancasinoclub.org
2203,664-fkys005.com
2204,goliptv.store
2205,nusantarasinar.com
2206,game99macan.site
2207,sorrycloset.world
2208,turkserial.co
2209,asiabigbet0624.com
2210,ligahokie22nn.com
2211,pu260ev.com
2212,kinitotoraja.com
2213,mpo888ss.com
2214,fendi188a.com
2215,x5d6c.com
2216,vuz-w.info
2217,automobes.in
2218,lawak899pol.site
2219,toonkor370.com
2220,uapgurdor.com
2221,pokerdomigra.online
2222,garilla-kasino.icu
2223,grrowerz.today
2224,pf21.biz
2225,123moviesfree.trade
2226,nonton168.ink
2227,pasarrupiah.com
2228,spravokbannk.ru
2229,uy3ge.com
2230,depozit-off.com
2231,gama-casino-pir.buzz
2232,gadgetsnow.com
2233,luchshie-kazino3.online
2234,warmvanillasugar.com
2235,loyalbahis339.com
2236,shixiandao.com
2237,pafipulaulombok.org
2238,sa365duren.com
2239,ejgb.co.jp
2240,caz-joy.rocks
2241,mpo888mm.com
2242,amananugerahtoto.com
2243,8896317.xyz
2244,eurekaddl.makeup
2245,major55game.com
2246,aptlovevs.shop
2247,daddy-casino-qbg.buzz
2248,starda105.casino
2249,won-012a.pro
2250,kristal777-game.xyz
2251,demototo.cloud
2252,msygdm.com
2253,lgohokilatte.com
2254,2fus3.com
2255,vizerhd.info
2256,leonbets-zmue.biz
2257,andbaconande.xyz
2258,eebiwhamp.com
2259,prostitutkisevastopolya2024.net
2260,admiralx-ffn.top
2261,pokerdom-a1.fun
2262,x5c6a.com
2263,nusantarawow.com
2264,rekorhoki.com
2265,cuevana3.flights
2266,gmsdeluxe-casino.ink
2267,pandora88game.com
2268,moviesubmalay.online
2269,ini777.id
2270,pusatpentolbet.com
2271,ok9vip8.com
2272,ggplay-navi.xyz
2273,llfediploms.com
2274,joycasino-a11.top
2275,pokerdompromo.info
2276,2sofabet88.com
2277,filmydhoom.pro
2278,fullslotpg.us
2279,rlne-unea.com
2280,mts69king.com
2281,vavadab2.com
2282,zeus138seruamp.com
2283,vxa6m.com
2284,kuy4da6.com
2285,cerealinical.com
2286,rosstab.com
2287,solcasino-golos.ru
2288,iqblfbrprxjfi.com
2289,hotowin-avocado.com
2290,pobretv.ac
2291,mainfulluntung.live
2292,topaviator.net
2293,nowmaxtv.com
2294,futebolplayhd.run
2295,slots-daddy-casinos.buzz
2296,official-pokerdom.rent
2297,ligamansion2-aas.site
2298,superpornohd.com
2299,mmgr9h.mom
2300,famedin.com
2301,123moviesfree.golf
2302,369vg.com
2303,gomoviesfree.mobi
2304,avatar-88.xyz
2305,pokerdom27.site
2306,aressawake.com
2307,alumuniummuara.click
2308,superfilmes.black
2309,pokerdom-0wa4.pics
2310,mpo1221main.org
2311,danaggplay.com
2312,epeowrh.cn
2313,djarum4dtahu.com
2314,yakin777moon.com
2315,t56657.com
2316,schrems.app
2317,ososlot001.com
2318,natural8t.com
2319,duadaz.com
2320,uuspastijitu.com
2321,tieshenqianbao.cn
2322,oldvlpds.ru
2323,drift-casino-online-site7.top
2324,kinoportal.xyz
2325,hboslotku8.com
2326,tabblepars.com
2327,lgcuansuper.com
2328,ciputrakeren.com
2329,fresh-casino-pomogaem4.ru
2330,polabet4dhoki.com
2331,kuirunews.com
2332,jeger88-seven.net
2333,semuafulltoto.info
2334,progambler47.ru
2335,catcasino-qqc.top
2336,jointoppick.com
2337,janda4da8.com
2338,prostitutkistore.com
2339,mpomm88.org
2340,gsruisheng.cn
2341,prowingg.com
2342,school1429.ru
2343,skymovieshd.services
2344,vodka26.bet
2345,j88app.online
2346,orii777baik.store
2347,q3-eigenlayer.com
2348,1xslots-weu.top
2349,cuan368winn.com
2350,kera99mas.com
2351,money-x18.casino
2352,y200mid.rest
2353,r7-casino-zerkalo5077.ru
2354,togel69reload.com
2355,xn--717gtb-hs4y996jv6ldjap3l.com
2356,situsfortunagg.com
2357,solcasino40.top
2358,hrvhoki.com
2359,masterjudibola-amp.net
2360,pokerdom123.site
2361,friends-casino.biz
2362,r0d0o.com
2363,boomingvip2.com
2364,lex-casino21.com
2365,bet88vin2.net
2366,5soap2day.com
2367,dragon99gis.com
2368,nikoofarmusic.com
2369,hondachia.com
2370,jitu-pahlawan.boats
2371,1110bets10.com
2372,wincash99oke.site
2373,epicloot.in
2374,vulkan24-officialsite.org
2375,bospaito.guru
2376,pedro4dcuan.site
2377,c95s83.lol
2378,11boladewi.com
2379,sailincinema.com
2380,jitujaguar.com
2381,casinovale621.com
2382,judimpo12.com
2383,quaddrp.com
2384,lordfilms.llc
2385,joker188k.com
2386,monrowv5.com
2387,superpermatawin.com
2388,tatabet0524.com
2389,clubnika-casino-club.ru
2390,bintangfull.info
2391,granatapi.com
2392,cukongbetmart.com
2393,mpo1221chat.com
2394,nusantarayey.com
2395,jaguarjitu.vip
2396,vuzinfo0y.com
2397,sonbahis278.com
2398,thes-classesthatiraised.com
2399,soap2dayhd.tube
2400,baim4d01.com
2401,casinos19.ru
2402,meme128-win.com
2403,jodrif.online
2404,overflix.rest
2405,vmeste-wm-tema.ru
2406,duit66sun.com
2407,4hunvc.com
2408,ku3933.net.co
2409,topbonus.online
2410,vavada3.guru
2411,vulkan24spinclub.com
2412,theatretabard.com
2413,ligamansion2-oaf.site
2414,xembong88.agency
2415,pokerdom-site.blog
2416,kekpanel.xyz
2417,topflix.party
2418,autorwine.com
2419,woodbinehoa.com
2420,pd88one.com
2421,elevens4db.com
2422,vulkan24casino.download
2423,123moviesfree.lol
2424,tuoi69.homes
2425,monrocasino501.com
2426,easycanvasprintsadpartner.com
2427,j200msuper.rest
2428,cakar76.work
2429,pokerdomplay.online
2430,fukexy12.buzz
2431,cuevana321.com
2432,plane639.com
2433,atlas123dunia.com
2434,mejabaik.lol
2435,betwing88super.com
2436,dogelexusresmi.live
2437,superfilmes.us
2438,casinoshka.cloud
2439,friends-casino.tips
2440,taskscompletedlists.com
2441,fresh297.casino
2442,up3py1x.life
2443,p200mlive.live
2444,4vence.com
2445,linkpajero1.com
2446,mpoidsave.com
2447,x2b9e.com
2448,fav77lord.xyz
2449,ssgmusic.com
2450,jaytoto.pro
2451,receh69zxcv.org
2452,y200mid.xyz
2453,lahanbasahpsk777.com
2454,prostitutkisevastopolyaa2024.com
2455,8x5839.com
2456,kompas138scatter.xyz
2457,pokerdom35.online
2458,intim-nsk.com
2459,lasixz.online
2460,unboundai.shop
2461,pasopati4d2.com
2462,pangkalantogel.info
2463,hobi55ad.com
2464,net-7979.com
2465,friendnscasino-slots.xyz
2466,casinofun36.ru
2467,kobra88asli.com
2468,gocapresmi.dev
2469,rebahinxxi.one
2470,superfilmes.dog
2471,casino7-nrl.top
2472,fukexy11.buzz
2473,klikkdisini.my.id
2474,jozz-casino-rok.buzz
2475,vodkabet.yachts
2476,luciferdonghua.co.in
2477,vulkan24site.org
2478,legalintakehub.com
2479,fphimhdc.com
2480,megajponline.com
2481,cuanasia.site
2482,6pasjudi.com
2483,hzd8gt.com
2484,cuevana3.country
2485,scatteranugerahtoto.info
2486,fresh28.casino
2487,atlasbet609.com
2488,thegamesdownload.net
2489,hematfree.com
2490,1gocasino-new1.top
2491,chocolatepackagingjob03.xyz
2492,takihq.xyz
2493,90phut25.live
2494,arenadewa-petir.com
2495,pokerdom-k0g9.homes
2496,filmy4wap.xyz
2497,bjsvp11.space
2498,wazeslot50.com
2499,to-soap2day.com
2500,14wso138.com
2501,pusatfilm21.info
2502,raksasatogelplay.com
2503,fresh242.casino
2504,fresh332.casino
2505,nhfdc.nic.in
2506,v88toto50.com
2507,sektoon65.org
2508,673bets10.com
2509,4hub7p.com
2510,drugmvp.com
2511,sobseru.com
2512,kvb.cool
2513,togel69grr.com
2514,badak4dslot.top
2515,sexsev.red
2516,casasavyy.com
2517,ydvn.net
2518,cxservices.com.br
2519,mynawtystories.com
2520,pop77man.com
2521,slotup88rich.com
2522,dragonslot99-186.com
2523,presidenslot.uk
2524,golden-slots.online
2525,balakbalak66.com
2526,dewibekasi.com
2527,griefsociety.com
2528,jokiwinn.com
2529,functionabadi-126.online
2530,after-vegas969.com
2531,hdhub4u.zone
2532,cash-maleficent.store
2533,1xslots-drj.top
2534,unibet-175.com
2535,hemat138cuan.com
2536,delluxe-gms.site
2537,pokerdom21.online
2538,pokerdom22.online
2539,p200mbagus.com
2540,semyanich-seeds-34.world
2541,owl-ampsolap4.site
2542,vavadacazino2.art
2543,mpo1221menang.org
2544,b8hbks.mom
2545,fxoyjq.net
2546,fav77pastiwd.info
2547,convergrounami.com
2548,666836254.xyz
2549,admiral-x-zerkalo-vsop.ru
2550,texasduo.com
2551,won-025.pro
2552,3rzpv9.mom
2553,5movierulz.land
2554,uustotoc.com
2555,gacor368uang.com
2556,canduan188kuy.com
2557,prostitutky-v-spb.com
2558,joycasino-uhl.buzz
2559,668926354.xyz
2560,rowvid.com
2561,lev-casino-yil.buzz
2562,x6c6c.com
2563,dyplomt-moskva177.ru
2564,892976483.xyz
2565,vavadaep.com
2566,sex69hihi.pro
2567,agen5000hoki2.com
2568,otatta.online
2569,king403.store
2570,mueblesruiz.net
2571,polagopay69.com
2572,admiralx-tff.top
2573,altadefinizione.restaurant
2574,roxcasino1614.com
2575,vavadacazino.live
2576,vulcan24slots.com
2577,soju88login.info
2578,bambuemass.xyz
2579,mpo1551top.com
2580,topflix.news
2581,akunfull.info
2582,jujmanga.com
2583,kantauri.com
2584,rpmriv.com
2585,z22p72.lol
2586,mastervip69.site
2587,vodka20.bet
2588,money-x7.casino
2589,vulkan24-zerkalo.vip
2590,skybattle.net
2591,seepsoalevo.com
2592,nusantarababy.com
2593,leveluptour.com
2594,amanahraja.com
2595,betx7.pro
2596,bospaito.biz
2597,gocap4dvip3.com
2598,e5926f.com
2599,rasedau.com
2600,mofigi.com
2601,agen5000pro2.com
2602,casino7-aff.pro
2603,1xbet-dsc.top
2604,gocap4dcuan.com
2605,k5wgd4.mom
2606,pesgslotpro.com
2607,pedro4doke.com
2608,seblak-drm77.com
2609,pokerdom-game.life
2610,kraken19at.ru
2611,8njy96.mom
2612,l6104c.com
2613,pokerdom-site24.shop
2614,prostitutkigelendzhikafine.com
2615,2rupiahtoto.com
2616,sextop3x.pro
2617,f7pm3tn7gp.com
2618,pokerdom41.online
2619,official-dragon-money.online
2620,lakuhidup.com
2621,mager4dpro.com
2622,gagah4d-amp.com
2623,mpo1221vvip.com
2624,123movieshub.page
2625,kitanonton.blog
2626,ellem777.com
2627,fresh-casino-pomogaem1.ru
2628,techiescience.com
2629,volna107.casino
2630,wakanda33details.com
2631,dragn-money-net.buzz
2632,77ja7v.mom
2633,42msislot.com
2634,new-lobby303.com
2635,janda4db3.com
2636,pasopati4dtools.com
2637,pokerdomgames.shop
2638,delo-tor.ws
2639,pokerdom-1.shop
2640,kikislot188.com
2641,ligahokie22qq.com
2642,eurekaddl.autos
2643,idn89keju.com
2644,modus4dlucky.com
2645,x8a8a.com
2646,capitaltotobersinar.com
2647,ripsawwet.live
2648,khin789.com
2649,webchatseguro.com
2650,xcheckerviet.me
2651,nochi-v-sochi9.ru
2652,m5942n.com
2653,g7h4j2k1l9.com
2654,cashrobots.fun
2655,sa365ninja.com
2656,baimcivic.com
2657,ruangkpi4d.com
2658,rikvipp88.biz
2659,sensaken.shop
2660,huangnhe.edu.vn
2661,masterslot69.life
2662,pinup-cazino.club
2663,joker188pg.com
2664,fresh99.casino
2665,x5d5a.com
2666,fb88genz.com
2667,btpfloats.com
2668,merpati77fury.xyz
2669,linkkupontoto.link
2670,angkringan138vvip.com
2671,pablo4descobar.site
2672,casino7won.com
2673,16masterjudibola.com
2674,pingguomanghe.com
2675,izzi-zachetg1.top
2676,bokepindoh.life
2677,refpa4293501.top
2678,ggplay-thor.xyz
2679,gilavip.com
2680,jaun88skuy.com
2681,k6tkfp.mom
2682,marga4dgame4.site
2683,vodkatotomantul.com
2684,jowxepmjdyepjd.com
2685,omtogel-situs.com
2686,tribunmax855.com
2687,soccerstreamlinks.com
2688,eldoradoonliney9.xyz
2689,sikat88-aaa.com
2690,okrektv.world
2691,hqjfuewphbuggc.com
2692,vodka22.bet
2693,yougreencolumn.com
2694,joycasino-ujn.buzz
2695,kuysega4d.com
2696,probesys.com
2697,vulkan24online.pro
2698,kent-casino-registration.shop
2699,918kiss-slot.info
2700,stardacasino-snm.ru
2701,duit66cuan.com
2702,gama-casinos.ru
2703,gomovies123.tube
2704,topflix.actor
2705,pulibet670.com
2706,rspin.xyz
2707,roket138gcr.site
2708,masterporn.online
2709,ixhundnawvwjden.com
2710,decuevana3.net
2711,indogenting0724c.com
2712,cf-full-hd-wallpapers.com
2713,29msislot.com
2714,masterjudibola-slot.com
2715,casino-7b.com
2716,laekecebanget.com
2717,online-and-digital-marketing-degree-kz-1.xyz
2718,playwin77jaya.site
2719,leonbets-eyhv.lol
2720,qt8saylor.com
2721,kikislot78.com
2722,demetozdemir.online
2723,vavadacazino2.xyz
2724,1xlite-255415.top
2725,katherinenyc.com
2726,amprajampo.com
2727,casino-new-2024.ru
2728,qqgb88.lol
2729,viptank.xyz
2730,ff7779.vip
2731,thone.vip
2732,just-db.com
2733,rtpslotoppa25895.com
2734,agit366.com
2735,dashboardmerpati.one
2736,24vulkan4.buzz
2737,dogelexuscuan.boats
2738,pablo4dslot.shop
2739,safetysabi.shop
2740,pokerdomgame.buzz
2741,boomingsatoru.com
2742,hokimuluvip.art
2743,topflix.dance
2744,albaslot81.com
2745,delman567official.site
2746,pengenwin.xyz
2747,rewashlab.id
2748,gocaphoki.com
2749,psychology-degree-kz-1.xyz
2750,9nagagacor.com
2751,slivhelix-24.pro
2752,sohoslot.gg
2753,gudangmovies21.fyi
2754,pokerdom-bonus.homes
2755,vulkan24bonusclub.com
2756,slots-online.ltd
2757,best-mostbet-casino.com
2758,mposportss.com
2759,platinumcasino319.com
2760,provisioncommunity.org
2761,elevenssebelas.com
2762,dragonmoney-freemani.ru
2763,punyajaya.site
2764,pakdepermata.com
2765,mainsinardewa.com
2766,bandungapi.com
2767,4hujdm.com
2768,marga4dlive2.site
2769,otatto.online
2770,69tx006.xyz
2771,starsbet-girisi-tr.com
2772,altadefinizione01.support
2773,casino-platinum.bid
2774,mantul138crew.club
2775,pobreflixhd.blog
2776,sunwin.nagoya
2777,fresh216.casino
2778,topflix.mba
2779,10hemat138.com
2780,ilgeniodellostreaming.pro
2781,gabungarmada888.com
2782,nusa89lych.com
2783,kera99z.com
2784,redfoxbet478.com
2785,sultankoin99-real.com
2786,tjpmantap.com
2787,booi-casino-uja.buzz
2788,joker188th.com
2789,prestamos365.mx
2790,nolimithoki33.icu
2791,mp4moviez.bingo
2792,mdsw8u.cn
2793,1xbet-svd.top
2794,bynova.ca
2795,yakin77bos.com
2796,king4dnet.com
2797,idixcjb.cn
2798,luck-eldis.xyz
2799,tiroalpalo.tv
2800,eldoradocasino-xep.top
2801,racik-198-good.xyz
2802,admiralx-eht.top
2803,x1119apihgj7n.com
2804,cat-casino-cjq.buzz
2805,7slotspay.com
2806,casino-x-yha.buzz
2807,tombak118gas.com
2808,brofurla77.com
2809,bukitjepe.shop
2810,yamoa12.site
2811,vulkan24online.live
2812,realtime-ctms.com
2813,fav77won.info
2814,eurekaddl.top
2815,wygwimsjhy.com
2816,dosugmsk.org
2817,diflucanld.online
2818,goldmansachsah.com
2819,kkwx1.com
2820,pokerdomregistration.life
2821,goldmanmosaic.com
2822,robots-game.org
2823,filmyfly.day
2824,solcasino-nikolsk.com
2825,platinumcasino347.com
2826,plecnyz.icu
2827,91dewa99.com
2828,loginspabet.net
2829,win2888asia.org
2830,hubofnewsonline.com
2831,bonus-pokerdom.pics
2832,rajaxvigorrqq.com
2833,sa365seoul.com
2834,soicauthongke.net
2835,calon4dx1000.org
2836,eldorado-casino-rbr.buzz
2837,stardacasino-snm2.top
2838,neon69qp.com
2839,casinoshka.me
2840,fresh327.casino
2841,ruiteng0579.cn
2842,progambler54.ru
2843,k3qxk.com
2844,fukexy5.buzz
2845,skladchikc.co
2846,adik4d1.top
2847,insurancemastermind.xyz
2848,brenjitupiz.com
2849,prmovies.agency
2850,azithromycinc.online
2851,2cwbet.com
2852,ini777bagus.com
2853,pokerdom-online.info
2854,epicloot.me
2855,sexxxrostov.com
2856,langsungcuan.site
2857,info-trafs.xyz
2858,topflix-tv.com
2859,ojkgas.com
2860,pokerdom4play.site
2861,gg51-fygx011.com
2862,raducoxorpe.com
2863,porno365x.pics
2864,prava-4-you-4.site
2865,idxbig10.com
2866,colowinreal.com
2867,platinum777casino.com
2868,vvvwin988.com
2869,inohokiterus.com
2870,pobretv.cab
2871,filmix.biz
2872,galabet857.com
2873,klubnikacasino-ff.buzz
2874,avpink365.com
2875,detik55aa.com
2876,bet88vi.net
2877,hujanjpto77.bond
2878,qxztkvj.cn
2879,thesoap2day.online
2880,ag53x.com
2881,pokerdom12.online
2882,petir138-menang.com
2883,zoo-money.lat
2884,avestaport.com
2885,panen5000.online
2886,fontan-kazino.xyz
2887,mom4dp.com
2888,omgomg.io
2889,francepeinture-larochelle.fr
2890,ethermasuk.pro
2891,pelisplus.deals
2892,pregamate.de
2893,romanobetul.com
2894,uustotoseven.com
2895,tchycoohggol.com
2896,sinardewajuara.com
2897,rjs11.com
2898,paluslot1.com
2899,casino7o.com
2900,pedro4dcuan.info
2901,solcasino-golos4.ru
2902,tatabet0624c.com
2903,gerbang268.shop
2904,777vulcan.company
2905,fergair.pro
2906,oyukichan.com
2907,mp4moviez.ec
2908,pokerdom-a8.online
2909,apekslot3.vip
2910,42mos777.com
2911,dikasihcorla188.pro
2912,1win-vhod.site
2913,semangat4dvip.com
2914,kerajaanlampu.com
2915,main55kan.com
2916,queens777.com
2917,qc33a2.mom
2918,lh88vip.boats
2919,1xbet-cnq.top
2920,pokerrepublikgoal.com
2921,9pasjudi.com
2922,bellingerproductions.pro
2923,rajaxvigorrq.com
2924,pobretv.bet
2925,bokepcrot.guru
2926,pasukan88asdf.org
2927,cinemaluxe.info
2928,pobreflix.plus
2929,lakuasik.com
2930,pilihpro.xyz
2931,playslot77kayu.com
2932,2deu5.com
2933,1gacoan88.pro
2934,pipigou990.top
2935,531bets10.com
2936,kinovod290724.pro
2937,hello88c.com
2938,menara188h.com
2939,qq188su.com
2940,padi777.rest
2941,super-sslots.com
2942,up9kq4x.life
2943,bndr303.autos
2944,pokerdom-casio.buzz
2945,bokepcrot.icu
2946,tor-markets2023.shop
2947,fresh268.casino
2948,gd8star.com
2949,unraorairs.com
2950,vlxxnhanh.pro
2951,e839d.com
2952,rudaltotohk.com
2953,reiting-topcasino.ru
2954,joinwanitabet.com
2955,thelodgebuffalo.com
2956,playland-raja.com
2957,freshcasino191.com
2958,13slot2d.xyz
2959,bigbull99.com
2960,topanbet48.com
2961,pedro4dcuan.pro
2962,casino-pin-up.info
2963,masterslot99zz.com
2964,toonkor377.com
2965,wajikslot.red
2966,hondaball.com
2967,pokerdom-casino-mirror.info
2968,djarum4daku.com
2969,n34a6.com
2970,mpo88asiaselalu.org
2971,lord-film.pics
2972,tigerslot168.icu
2973,poker-dom-promo.homes
2974,sohoslothoki1.com
2975,inikursi4d.pro
2976,moraleyes.com
2977,danapajero.land
2978,bgibolatv.cc
2979,playfortuna-8clb.xyz
2980,casinoclassic.top
2981,rajasule.site
2982,sakutotogacor.com
2983,pop77win.info
2984,xn--90aedc4atakfd0d.xn--p1ai
2985,newtoon225.com
2986,mpo777luas.com
2987,vulkan777-kasino.net
2988,luck365jkt.info
2989,hj2404ce3e.top
2990,bet10ribunext.com
2991,789bett.org
2992,udostowerenuyh-vsem.com
2993,eqn888pp.com
2994,fresh294.casino
2995,manhwa18vn.com
2996,1xbet-wqg.top
2997,phimhdcc.com
2998,joko4d19.com
2999,multicanais.uk
3000,joinxtelegram.com
3001,pokerdom40.site
3002,ug8.xyz
3003,tigerslot168c.xyz
3004,imbaslot-genz.xyz
3005,gmsdeluxe-kasino.top
3006,stardacasino-snm3.ru
3007,frendscazino.hair
3008,vodkatotoseru.com
3009,bestiebet88cards.com
3010,rupiahterbang.com
3011,pokerdomcasio.online
3012,hagoslots.site
3013,delman567nyala.site
3014,masuksurgawin.com
3015,thekhatrimaza.digital
3016,toonanime.xyz
3017,casinoshka1.buzz
3018,tufat.com
3019,idealunique.shop
3020,cie4d2.site
3021,counterfendi188.one
3022,belugabahis728.com
3023,wonwon4d.shop
3024,qgrvpaabyvdm.com
3025,money-x4.casino
3026,chatroomforadult.com
3027,bankecil.com
3028,kiostoto-dua.com
3029,vavadapz2.com
3030,r7casino-vtc.top
3031,ini777qris.com
3032,dogelexuss.online
3033,casino7c.com
3034,tototimur1.xyz
3035,k3hg7.com
3036,pokerdom-home3.online
3037,ikancn.click
3038,paidnaija.com
3039,ufa191d.com
3040,cinemaluxe.live
3041,thabet.co
3042,pokerdom27.online
3043,klubnikacasino-fd.buzz
3044,whiteamavi5d.com
3045,alightmotionapk.com
3046,daddy-casino-qba.buzz
3047,barefootaquasports.com
3048,platinumcasino.life
3049,f200mplay.pics
3050,firstplay88maju.com
3051,62gg.bet
3052,joycasino-uje.buzz
3053,gacorcak.com
3054,platinumcasino351.com
3055,tribun855viral.com
3056,gameclassic138.com
3057,playbokep.pro
3058,mymoviemad.mobi
3059,aleb2f.xyz
3060,putin138play.com
3061,multicanais.pl
3062,vulkan24casinosite.biz
3063,notube.me
3064,liverpool-slot.com
3065,biresanger.com
3066,grabvote.cc
3067,vavadadns.com
3068,rajadarisekianraja.com
3069,pokerdom-new1.fun
3070,nagawonbet200.com
3071,pasopati4dboss.com
3072,playslot77menang.com
3073,23warisan138.com
3074,marga4dbos2.site
3075,zihaigroup.top
3076,ihi-improve.eu
3077,cs2hub.store
3078,fresh-casino-pomogaem5.top
3079,vavadabb1.fun
3080,zeus138central.com
3081,tok99toto-main.art
3082,aviantogeljp.land
3083,mager4donline.com
3084,gocap4ddone.com
3085,mpo1221gold.org
3086,hadriendugas.com
3087,lsbns2.buzz
3088,hdtoday.la
3089,bbtn4dflower.com
3090,rindumama.com
3091,keraton4dxxxxx.org
3092,anwap.win
3093,astra777id.com
3094,asia128benice.com
3095,cialis247.com
3096,skinpap.com
3097,audiocxemz.ru
3098,bokepcrot.blog
3099,super-vulkan.net
3100,stardacasino-snm5.ru
3101,118137283.xyz
3102,qh555555.com
3103,dtacqkf.cn
3104,ilove-mpo19.com
3105,bokepindoh.sbs
3106,romanobetah.com
3107,setfilmizleyin.com
3108,aviantogel3d.com
3109,nunutv4.org
3110,pokerboyasui.com
3111,zoo-money.fun
3112,betasus786.com
3113,capitaltotobest.com
3114,vstars-casino.club
3115,akher.news
3116,forum-murmansk2022.ru
3117,201501100.xyz
3118,jzrrrsale.shop
3119,masakilat69.com
3120,casinofreespins38.online
3121,klubnikacasinoclub.pro
3122,clubvulkan-nadengi.com
3123,avtb2388.com
3124,masukjoko.com
3125,kilaupiston.online
3126,casinohu.ru
3127,admiralx-ssb.top
3128,tamilyogi.ch
3129,chikalientes.com
3130,indobokepsun.click
3131,gaskuy89a.store
3132,cryptobosscasino222.ru
3133,casino-licenzionoe.online
3134,mpo1221ratu.info
3135,pelisflix2.men
3136,jet58.casino
3137,champion-casino-dzy.buzz
3138,kooora-goal.live
3139,gor4itsa.net
3140,rudaltotovvip.org
3141,msyql.com
3142,pokerdom-play.pw
3143,pokerdom-club.homes
3144,bbt6na.lol
3145,klik88.store
3146,judimpototo.com
3147,okvip.com
3148,movielinkbd.com
3149,jagohoki177.com
3150,bickeraddictc.shop
3151,nusantaracinta.com
3152,pokerdom-hit.site
3153,diplomy-market.site
3154,726fx.com
3155,panjereh.news
3156,gmslotsdeluxebonus.com
3157,maxbett.xyz
3158,molhm.net
3159,vulkan24-officialsite.com
3160,fengzi6.net
3161,venus4dnew.com
3162,kupur-prawa.com
3163,toto368naga.com
3164,logicalscience.com
3165,crichd.sc
3166,newsbreak.sbs
3167,mpo88asiasweet.com
3168,intim-krd.org
3169,gawqm.com
3170,fizzslotss.ru
3171,funbahis364.com
3172,komedi4dmenang.xyz
3173,pokerdom42.online
3174,rapi888b.com
3175,gogoyuk.shop
3176,omegajituaman.com
3177,padi777-vvip.com
3178,dripcasino-demo1.ru
3179,cuevana3peliculas.net
3180,pokerdom-new.xyz
3181,ee88.family
3182,15masterjudibola.com
3183,vbcash88aman.info
3184,linkzjati88.shop
3185,belisusuanak.com
3186,garuda404sen.com
3187,belugabahis735.com
3188,zeus200aw.com
3189,walhallachamber.com
3190,rslot77grey.com
3191,primerplays.com
3192,soap2day2.net
3193,won4dsloto.xyz
3194,sexmoihdfull.com
3195,lsbns3.buzz
3196,pokerdom3.homes
3197,phim69x.pro
3198,prowingaskan.com
3199,boscinema21.online
3200,temposlot.ink
3201,ibc88mabar.com
3202,pedro4dbest.org
3203,vavada.stream
3204,asustogel18.com
3205,homelotto168.com
3206,8897z.com
3207,bahislion535.com
3208,pelisplus3.ceo
3209,merpati77coin.space
3210,registration-pokerdom.life
3211,mpo1221nice.com
3212,twin-casinow.buzz
3213,ovobetinfo.com
3214,yatoon152.com
3215,vip21.fun
3216,frendkazino.online
3217,sinar123joy.com
3218,sexekat.red
3219,vag077.vip
3220,paktotolandane.com
3221,hulk138pro21.com
3222,hondatotovga.com
3223,vavada-e.com
3224,ou5jte4.net
3225,great-club-vulkan.com
3226,dramaqu.club
3227,1sofabet88.pro
3228,inigawang.com
3229,vegamovies.re
3230,jktplt.com
3231,prava-na-traktor-2.org
3232,casinomilyon293.com
3233,rb6sd8.lol
3234,888avatarslot.xyz
3235,asiajagoslots.com
3236,ufafat2.com
3237,marga4dbos3.site
3238,playslot77mrms.com
3239,casinofun31.ru
3240,zeus200au.com
3241,gpc40322-24.com
3242,swiftload.io
3243,oasis99menyala.com
3244,pgslot99.run
3245,c8147d.com
3246,romanobet100.com
3247,bokepcrot.vip
3248,darkit.id
3249,8xbet.host
3250,terjun4dsantuy.site
3251,burvod2000.online
3252,garilla-kazino.fun
3253,gerhanatotomaju.net
3254,pokerdom-rus.blog
3255,oliverbrown.org.uk
3256,b34a.com
3257,bokepindoh.wiki
3258,sexxy69.net
3259,bolahiu9.com
3260,capitaltototerang.com
3261,audiocxemo.ru
3262,fresh335.casino
3263,megajati88.site
3264,totomaniac-zeus.com
3265,1xslots-778.top
3266,rbdon7f.icu
3267,kamuketahuan.site
3268,simbacool.com
3269,watermelonpg.com
3270,pobreflixhd.vc
3271,gudangmovies21.gives
3272,vulkan-24.live
3273,agenkuat.xyz
3274,tamambet239.com
3275,fortubet.club
3276,musang288mantap.com
3277,monro45.casino
3278,siapkaya-spin.xyz
3279,9p22p.com
3280,artisidncash.com
3281,musang288game.com
3282,bolahiuvip.xyz
3283,lankanad.com
3284,dizikorea.vip
3285,casino-parimatch.xyz
3286,dragon69twiceee.com
3287,bokepindoh.com
3288,w1-julhopg.com
3289,udostowerenyx-rf.com
3290,lapground.com
3291,won-014.pro
3292,fresh415.casino
3293,jrg69in.com
3294,jet50.casino
3295,soju88asli.life
3296,judimpo15.com
3297,gd8microgaming.com
3298,shoottyalla.com
3299,qq88asiaslotpro.com
3300,anime4up.com
3301,fantasiku.pro
3302,gaspuol77.com
3303,100wc.net
3304,xn--78s377ce8a.site
3305,123moviesfree.fan
3306,alcodostavkaclub113.ru
3307,pokerdompoker.shop
3308,couponkirin.com
3309,vaguebullet.live
3310,mbahmu.lol
3311,sahamtotokingkong.com
3312,bh488.top
3313,dphunters.mom
3314,lolzeus8m.com
3315,thesbf.shop
3316,fgmcqswjgrbewn.com
3317,hujansolo.com
3318,sakuratoto1apk.com
3319,0620c.xyz
3320,bets10.com
3321,yewootv.xyz
3322,freshvip41.casino
3323,fresh282.casino
3324,spark-api001.com
3325,ahc7pokerdom.com
3326,pandora88vip2.com
3327,balak66-fire.com
3328,vulkan-platina1.xyz
3329,yhdzz.cn
3330,f1945.buzz
3331,fav77dunia.com
3332,jun88rl.com
3333,cuan368kara.com
3334,faitfully.com
3335,ywmvppnlwwxkgt.com
3336,18win5.com
3337,vizerhd.ink
3338,fresh274.casino
3339,racik198-jiwa.store
3340,pokerdom-vip.online
3341,sabu99fishing.com
3342,pobretv.cfd
3343,4hugpd.com
3344,pokerdom9.site
3345,sorabada85.com
3346,pokerdom-getapp.homes
3347,otatta.ru
3348,1-win-casinos.pw
3349,pedro4dbest.com
3350,ipodata.ru
3351,bokepcrot.fit
3352,ayucsn88one.xyz
3353,hashplay-bet.online
3354,goldmansachsperspectives.net
3355,esceobobet93x.online
3356,123moviesfree.pics
3357,apl354.me
3358,friendskazino.bio
3359,fresh288.casino
3360,pokerdomonline.shop
3361,pokerdomcaz.top
3362,up6pw1x.life
3363,money-dragon.art
3364,sexonr.com
3365,gsam.com
3366,garuda4djaya.info
3367,dragon99iiii.com
3368,roxcasino1217.com
3369,wushishen.com
3370,vegamovies.cab
3371,hondapercaya.com
3372,vipmalukutoto.com
3373,topflix.taxi
3374,sinardewasite.com
3375,qqturboreal.com
3376,28699t.lol
3377,slotspaycard.net
3378,gilamaung.com
3379,5b6ut.com
3380,kidiolight.life
3381,menara188-go.com
3382,fresh168.casino
3383,surgawin88hijau.com
3384,leonbet6471.xyz
3385,argentmetal.com
3386,tokojewel.com
3387,frends-cazino.pics
3388,3f3yjc4fa5.com
3389,champside.org
3390,vavada-game17.fun
3391,vodka33.bet
3392,betkolik617.com
3393,a1dinasty88.com
3394,xemsex69.com
3395,uicerzdorov.click
3396,jaytoto2.com
3397,vavada-ok.buzz
3398,play-fortuna-slot5.top
3399,aboutlearn.cn
3400,wjewai.xyz
3401,123moviesfree.zone
3402,simba4dok.com
3403,lagatoto.dev
3404,tizerok.com
3405,expressoentrega-live.com
3406,counselconnect.xyz
3407,guard-bizzz.com
3408,bisababon4d.site
3409,psk777linkmasuk.com
3410,jinslotbaik.com
3411,brio4djuara.com
3412,laikanav-tblh004.com
3413,appcarz.com
3414,pobreflix.ink
3415,dontorrent.clothing
3416,vulcan-platina.xyz
3417,haberilan.com.tr
3418,pokerdom-home.site
3419,sahambayarjitu.com
3420,xn--303br-yta.com
3421,leoslot88a.one
3422,terjun4dvip.com
3423,www-lordfilm2.org
3424,ejxhot.xyz
3425,pasopati4dsakti.com
3426,gocap4dfun.com
3427,pobretv.network
3428,bursa-x1000.xyz
3429,superfilmes.la
3430,samurai388pp.com
3431,zeus138787prosesjuara.com
3432,tz92c6.lol
3433,pixeldrain.com.br
3434,pokerdom-promo.info
3435,atlasbet614.com
3436,isaidub8.co
3437,sex24hmoi.pro
3438,ar-cruptocoin.ru
3439,rabochee-zerkalo-leonbet7.buzz
3440,granatwin.com
3441,ligamansion2-lka.site
3442,tgs168.digital
3443,bollywood-casino-xzg.buzz
3444,gacor368anti.com
3445,watchporn.cc
3446,coblosdewi.com
3447,ligahokie22vv.com
3448,hdhub4u.plus
3449,buyadvertiser.com
3450,gitarpokersweet.com
3451,wetojitu.com
3452,moli77-tr.org
3453,dragonistana.com
3454,naturallifestyle-us.com
3455,boyathunder.com
3456,mbak4d234.com
3457,azino777-sep.top
3458,kent-casino-ajq.buzz
3459,candy99ab.site
3460,zeus138991fokusjuara.com
3461,top-casino-online.ru
3462,37bez-depov.site
3463,greg13j.com
3464,sritotobeat.com
3465,receh88nft.org
3466,karinapg.com
3467,slotspay.org
3468,baimvandal.com
3469,play-fortuna-kazino.com
3470,nagawons.com
3471,solcasino39.com
3472,sekuttkenzo188.co
3473,lgc-pastigacor.xyz
3474,muimperio.site
3475,v88totod3.com
3476,2sofabet88.org
3477,dualeotruyenat.com
3478,1jour1film.homes
3479,dapurpusat.com
3480,juarampoid.com
3481,lordserials.xyz
3482,platinum-777.casino
3483,vulk-platinum.xyz
3484,spiderteckweb.com
3485,133betorspin.com
3486,supergasing777.com
3487,mostbet-onlayn.com
3488,uploadwonload.store
3489,nochi-v-sochi.ru
3490,onictotogacor.com
3491,bolehjajan.com
3492,salcipation.com
3493,tototimur6.xyz
3494,woodratusa.com
3495,asia128linkjp.com
3496,poskamboja.com
3497,bandungcinta.org
3498,omkita.com
3499,vegamovieshd.live
3500,monperafavorit.com
3501,italtrade.com
3502,totomaniacreal.com
3503,nusaplaywins.com
3504,sinarspinweb.com
3505,mpo1221vvip.info
3506,secondliferanker.com
3507,casinofun29.ru
3508,irehw.com
3509,ug8king.com
3510,dropnotco-in.com
3511,ninobola68.com
3512,dewa88sip.com
3513,futebolplayhd.tv
3514,nova126.top
3515,rs77des.xyz
3516,linitopi.com
3517,pokermatch-ua.com
3518,dontorrent.esq
3519,loginspabet77.com
3520,mol69raja.pro
3521,casinofreespins37.online
3522,pongbet-79600.top
3523,casino-7o.com
3524,topflix.city
3525,marga4dgame7.site
3526,whatdb.cloud
3527,linkbong88moinhat.gifts
3528,victory007rare.com
3529,b81az8h.com
3530,sa365taxi.com
3531,r7-casino-aui.buzz
3532,fludiblu.xyz
3533,sexxasev.com
3534,vulkan-24.quest
3535,pstoresl.beauty
3536,area188v8.net
3537,gas77pol.com
3538,pokerbro9.online
3539,ong368ikan.com
3540,stardacasino-snm4.ru
3541,pokerdom-a5.online
3542,prostitutkigelendzhikanice.com
3543,slotup88fast.com
3544,britishvolt.com
3545,mostbet-uz-bk.com
3546,bidwin88amanah.com
3547,clubvulcanking.net
3548,phimmoichillr.net
3549,lim4dkuning.com
3550,rikvipp.fun
3551,skinmei.com
3552,winjitu1.com
3553,stelario1.io
3554,v24-best.com
3555,fajartoto.zone
3556,zeus138164jagoankeren.com
3557,apolo77asli.xyz
3558,bokebhub.net
3559,dogelexuscuan.shop
3560,dewijakarta.com
3561,top-bonus.press
3562,hdmoviehubs.com
3563,sexzyrostov.com
3564,jiucw.icu
3565,gasing777loop.us
3566,vodka25.bet
3567,kk58w.com
3568,ovobetmain.com
3569,uustoto3d.com
3570,dripcasino-demo4.ru
3571,rupiah89xx.com
3572,zeus138newampgacor.com
3573,artifactsmuseum.xyz
3574,kristal777aman.icu
3575,casinofun30.ru
3576,pewe4dciat.com
3577,hokevrpqsscs.com
3578,mbak4d2234.com
3579,vuz-xy.info
3580,bperovo.ru
3581,maxslots777.casino
3582,isaimini.com.kg
3583,toto368king.com
3584,coincazinoz.xyz
3585,nodecoyote.xyz
3586,jozz-casino-gjz.buzz
3587,area188up.com
3588,buttonngh.xyz
3589,grrowerz.fun
3590,miotujuh.com
3591,skinsemut.com
3592,hvfailure.com
3593,bulantogel9.com
3594,verseries.store
3595,7k-slots.com
3596,movies4u.money
3597,joker188lm.com
3598,judimpo17.com
3599,lagibasah.pro
3600,pokerdom-get.site
3601,j88.supply
3602,g3wup.com
3603,rkyatslotwr.fun
3604,lucky-tpw.com
3605,mthmsnybwf.xyz
3606,3hemat138.com
3607,won-015.pro
3608,thub.pw
3609,kinoportal.live
3610,bhagirarum.com
3611,lisboa77aktif.com
3612,vodka34.bet
3613,ppln-p9hb.sbs
3614,galaxy77bettesla.site
3615,wiki-gamesi.online
3616,kpkcores.com
3617,q3654r.com
3618,rindugacor911.com
3619,dangnhapfun88-1.com
3620,uu543.cn
3621,prostitutkigelendzhykagood.com
3622,nova126-1.xyz
3623,punyatoto1.com
3624,musang288jaksel.com
3625,vuz-qi.info
3626,boomingvip.com
3627,yorkbik.pro
3628,mochibet88.blog
3629,bento4dsate.com
3630,super89win.xyz
3631,probalkonenergie.nl
3632,werwitness.xyz
3633,prizmabet533.com
3634,allisellvs.best
3635,kapital77real.pro
3636,goldman-sachs-exchange-traded-funds.com
3637,gsamfunds.de
3638,spin707k.com
3639,firstplay88baik.com
3640,smartmi-market.ru
3641,booicasino-rgt.top
3642,info-current.xyz
3643,bollywood-casino-xzk.buzz
3644,pandora88pro.com
3645,officialpokerdom.space
3646,fresh314.casino
3647,prostitutkikrasnodarareal.info
3648,sumbergames.com
3649,won-003.pro
3650,freshcasino173.com
3651,rs77lampung.com
3652,cmbet29.com
3653,fresh303.casino
3654,pobreflixhd.black
3655,g5cby.com
3656,fresh326.casino
3657,booi13.online
3658,audiocxematika.ru
3659,i-dip-l.com
3660,linkmoba4dd.com
3661,kitanonton.wiki
3662,gtkaca138pro.io
3663,fresh128.casino
3664,pokerdom14.online
3665,firstplay88resurrect.com
3666,kittencastleinc.com
3667,gocap4dvip6.com
3668,pelisplus.works
3669,vavadacazino.art
3670,onbet88.gg
3671,1xbet-eea.top
3672,xn--major4d-634f.com
3673,blacktgldom.com
3674,altadefinizione01.kitchen
3675,youradultplay.top
3676,valero.one
3677,maisonpetit.fr
3678,technpride.ru
3679,octastar.online
3680,jbiphoto.com
3681,paktotomute.com
3682,cuevana-hd.com
3683,sahamtotopastijp.com
3684,atlasbet612.com
3685,cdnbus.cfd
3686,cika4d31.lat
3687,pokerdom-play.buzz
3688,moekino.life
3689,mirror-casino-champion.top
3690,icuevana3.video
3691,platinumcasino25.com
3692,filmyzilla.com
3693,fortunaggcuan.com
3694,pakdepasti.com
3695,linksagen777.info
3696,qqpulsa365mx.com
3697,ky5961530.cc
3698,inotermantap.com
3699,mkino.life
3700,cawan4dt.com
3701,casino-x1333.com
3702,jozz-casino-gjk.buzz
3703,dogelexus.boats
3704,apolo77first.shop
3705,togeljpinfo.com
3706,kikislot69.com
3707,premium-diploms-1.site
3708,vizerhd.biz
3709,b3ujg.com
3710,vavada-casino-obf.buzz
3711,dragonmoney-registration.xyz
3712,downloadhub.company
3713,jun88rw.com
3714,chrisstormer.com
3715,judolbet88-slot.online
3716,zeus138005komunitasgame.com
3717,vodkatotopasti.com
3718,joycasino-uhz.buzz
3719,vavadaee.com
3720,pop77project.info
3721,uustotolima.com
3722,freshvip14.casino
3723,promsalesk.pics
3724,bangjewel.xyz
3725,pokerdom-ca2.xyz
3726,targetchain-flow.com
3727,tesheros.com
3728,almajardh.com
3729,vulkan24-casino.biz
3730,film21.blog
3731,freshcasino1359.com
3732,pelisplusseries.com
3733,lisinoprilc.com
3734,jvaras.cl
3735,soap2day.bar
3736,xnxx01.lol
3737,1win-okj.top
3738,gocapcuan.com
3739,siasatolx03.info
3740,progambler53.ru
3741,spbdiplomus-att.com
3742,boomingvip4.com
3743,romanobet1001.com
3744,jozz-casino-ndr.buzz
3745,bigo234long.shop
3746,hk6d.cfd
3747,kakakslot88super.com
3748,dpbossmatkagame420.com
3749,wajikslot.center
3750,mydiplomirstore.com
3751,vavadakoti.com
3752,latesthdmovies.in
3753,nochi-v-sochi2.ru
3754,gpc40529-15.icu
3755,newtoon223.com
3756,changzhousibada.com
3757,gomovies.onl
3758,dogelexus.rest
3759,hnhxin.com
3760,808bola75.com
3761,rtpslotup80196.com
3762,bintang88jernih.site
3763,kupyy-prawa.com
3764,joykazino.link
3765,pokerdom-room.shop
3766,viewfromthefridge.com
3767,11wbet1e.top
3768,wslot888xli.com
3769,ojoltogel-alt.biz
3770,altadefinizione01.farm
3771,4huew8.com
3772,koko188-ca.com
3773,4b5qw.com
3774,vodkatotobesar.com
3775,cuevana3.build
3776,b4q81.com
3777,333mmk.com
3778,4hu7rc.com
3779,1jour1film.shop
3780,top-diplom.biz
3781,pokerdom-hot.shop
3782,cjhwba.com
3783,angkatogel.cfd
3784,pokerdom-g1.site
3785,semogajepe.click
3786,nochi-v-sochi1.ru
3787,aloha4dterbaik.co
3788,infocircuit.xyz
3789,laguaridarock.com
3790,thegioiapple.net
3791,ayutogelselalu.org
3792,jackpot-jcp.com
3793,raja-menara4d.xyz
3794,ninjaijoijo.space
3795,istana777-b.com
3796,life-clinikkk.com
3797,sexznsk.com
3798,kill-receh88.org
3799,rktluo.xyz
3800,pokerdom-bonus.pics
3801,dramacoolz.pro
3802,seeapi.org
3803,fresh191.casino
3804,dramaqu.pics
3805,depoboslogin168.com
3806,dogelexus-link.site
3807,gdll3.online
3808,transmovie21.lol
3809,pokerdom-mirror.homes
3810,elloslotggwp.com
3811,coinbet999.org
3812,dezhouxinxiang.cn
3813,r7-casino-gzi.buzz
3814,bolahiu44.com
3815,glsair.org
3816,pokerdom-new.homes
3817,5s2gv.com
3818,filmygallery.autos
3819,18sgp777.com
3820,bokepcrot.homes
3821,winjitu77.com
3822,klikdewakk.com
3823,z3bgu2.mom
3824,kilaupiston.com
3825,dh622y.link
3826,mask.org.za
3827,1jour1film.store
3828,gacor368mantap.com
3829,tunggal303z.org
3830,72558s.com
3831,dufa-russia.ru
3832,956489130.xyz
3833,723986621.xyz
3834,daftar4dlaetoto.vip
3835,bolutotot.com
3836,cncbetgacir.com
3837,gacornyajpto.com
3838,luck8.pe
3839,nagahijau88hebat.com
3840,menyalagopay69.com
3841,platinum-kasino.net
3842,eropa4dc.com
3843,semangat4da.shop
3844,5hemat138.com
3845,rtpslotdingdong49752.com
3846,alobet789.com
3847,volna111.casino
3848,bokepcrot.run
3849,tigoals67.com
3850,ong368main.com
3851,richnowreal.com
3852,avamovie255.pw
3853,pokerdom-play.site
3854,bokepcrot.cam
3855,moba4ds.org
3856,robots-game.biz
3857,novyekvartiry2.ru
3858,musik2classic.com
3859,pelisplus3.app
3860,alamjos.com
3861,tunai4dni.com
3862,xxx24video.cc
3863,sdwgacor.com
3864,cuevana3.reisen
3865,vulkan24onlinecasino.com
3866,dewisabang.com
3867,kent-casino-ndt.buzz
3868,luck365asli.info
3869,racik198-sip.com
3870,setwalls2.xyz
3871,slivhub.info
3872,dewaspin777.info
3873,w72t3gor5m.com
3874,kent-casino-rrm.buzz
3875,xxxalt.ru
3876,pokerdom-live.shop
3877,gerhanatotoasia99.org
3878,gd8joker.com
3879,pokerdom777.shop
3880,racik-198-can.com
3881,brenjitugopay.com
3882,fi11aa58.com
3883,370749238.xyz
3884,master1165.com
3885,antikbarang.com
3886,skwslotnow.info
3887,glamour-muse.ru
3888,cmbet35.com
3889,sexygame6662.com
3890,303vippage.org
3891,fresh174.casino
3892,sbobetfun.me
3893,investgenius.xyz
3894,topflix.loan
3895,akarslotz5.com
3896,idr89kk.com
3897,topflix.tax
3898,dapurmember.com
3899,havoutllet.com
3900,leondiamond.com
3901,carteltoto0625.com
3902,fav77karya.com
3903,pokerdom31.online
3904,mostbet-9a.xyz
3905,akar69wap.com
3906,fairspin-lml.top
3907,vizerhd.ac
3908,nexwin77c.com
3909,film21.store
3910,betpas1011.com
3911,pobreflix.la
3912,3jahw.com
3913,davidstanleyredfern.com
3914,keratontogelxxxxx.net
3915,pulaujudiofficial.com
3916,9lifebet.com
3917,tushiji14.cfd
3918,1sultanmbs.com
3919,iramatogel.pro
3920,yalla-live-koora-tv.com
3921,keepjaycamp.live
3922,tnfree.ru
3923,pokerdom-new.shop
3924,machinenano.com
3925,papibola72.com
3926,imba-super.xyz
3927,3c7m3.com
3928,sfiordapp.ir
3929,money-x15.casino
3930,bandungpercaya.com
3931,pandora88pro1.com
3932,pakdebri.com
3933,eyangred.com
3934,wulkanklyb.one
3935,qgyibljwoftfcto.com
3936,khair-zaman.com
3937,rans4d-kuat.com
3938,vuz-y0.info
3939,0p8phwe.cc
3940,mpo1221zeus.net
3941,gsamperspectives.com
3942,friendskasino.guru
3943,hyrmdnsd.com
3944,mrschly.com
3945,sy8dd.com
3946,16setor777.com
3947,zeus138solidaritas.com
3948,altadefinizione01.food
3949,disinigagah4d.com
3950,credempresas.live
3951,soap2dayai.com
3952,gacor188slots.com
3953,eldoradocasino-nqq.top
3954,phuquangkts.vn
3955,t6s0hv42so.com
3956,kupyr-prawa.com
3957,monperasa.com
3958,f200mplay.wiki
3959,sritotolord.com
3960,serredivetro.it
3961,platinumcasino195.com
3962,menara188-yuk.com
3963,eae92.com
3964,vizerhd.mobi
3965,wslot888xlvi.com
3966,lt19hp.com
3967,vavadacazino.pro
3968,pokerdom-13.site
3969,5movierulz.loans
3970,anwhatsapk.com
3971,mainfulluntung.info
3972,turbocasinos.pics
3973,arya88bca.com
3974,lobby338ofc.com
3975,kupud-prawa.com
3976,pohon4dresmi.id
3977,rtpslotpartai85921.com
3978,mmqvbvklwlwcqre.com
3979,overflix.one
3980,ini777resmi.com
3981,youxinanfang.cn
3982,samurai388nama.com
3983,kompas138softboy.com
3984,vavadaez23.com
3985,judimpos.com
3986,danabeta.com
3987,mesinslotlancar.xyz
3988,blacktogelselasa.org
3989,seriburaya.com
3990,premiumbusinessnews.com
3991,mau777top.org
3992,mentonescouts.com
3993,dogelexusresmi.fun
3994,apklogic.com
3995,30lordserial.site
3996,jozz-casino-d.buzz
3997,masrmix.com
3998,oyo89q.online
3999,merdekalogin.org
4000,ramtotoup.com
4001,avtionovosti.com
4002,newtoon222.com
4003,nexgentechie.xyz
4004,houbacz.net
4005,vulkan-igry-online.net
4006,spinhoki88w.com
4007,diplomixbry.com
4008,8n9hlpznyb.com
4009,mts69indo.online
4010,lapakhoki88xyz.com
4011,dogelexus-link.online
4012,vavada-casino-obi.buzz
4013,bigmsg27.com
4014,banksophilia.com
4015,mpo1221naga.info
4016,pokerdom30.site
4017,catcasino-registration.life
4018,venus4dangkasa.com
4019,zeus138elegan.com
4020,registration-pokerdom.world
4021,rupiahkoke.com
4022,bct-04.com
4023,hanwei-eq.cn
4024,unikbetjupiter.xyz
4025,datarooms-guide.in
4026,sport-joycasino.com
4027,pinup-online.work
4028,misterwin777a.live
4029,r7-casino-gzd.buzz
4030,arya88ss.com
4031,nochi-v-sochi10.ru
4032,gaspol77777.com
4033,sensaslay.shop
4034,cuevana3-oficial.com
4035,wolfgoldgame.com
4036,77slotzpay.biz
4037,singamas88ah.com
4038,vulkancasino.webcam
4039,socolive1.dev
4040,betboo683.com
4041,laki-laki99.com
4042,31lordserial.site
4043,123moviesfree.uno
4044,tdxx.net
4045,acggw.one
4046,c7v9p.com
4047,realityquestonline.com
4048,nusantaraemas.vip
4049,friendsofcid.com
4050,h724829.buzz
4051,danabets.org
4052,pornstarsyfamosas.es
4053,webdegreecourses.xyz
4054,pinup-casino-jlu.buzz
4055,vuz-ez.info
4056,19404jp.cc
4057,510-fhkc084.vip
4058,paklipat.lol
4059,gapaltan.live
4060,pokerdom-3zvy16.buzz
4061,joycasino-ckm.top
4062,pti.org.br
4063,pokerdom-2024.world
4064,pokerdom11.fun
4065,latesthdmovies.business
4066,soap2dayapp.mobi
4067,dailyicon.net
4068,kliktogel389.com
4069,info-traf.xyz
4070,sohoslottop.com
4071,lbd53.com
4072,abr-pg.com
4073,se2gh.com
4074,uislot.xyz
4075,gamecastevs.ru
4076,anazella.com
4077,venom77h.com
4078,bahiscasino494.com
4079,46ug.com
4080,pelisplus3.tube
4081,hondakomix.com
4082,fresh334.casino
4083,sweetdatehaven.one
4084,pokerbro10.online
4085,gridbly.com
4086,agen5000hoki4.com
4087,honeypisang123.vip
4088,zcoe68.com
4089,ancientrelics.xyz
4090,marathonzerkalo.org
4091,baksogepeng.xyz
4092,pokerdom-1.online
4093,mts69link.site
4094,topanbet29.com
4095,linksagen777.ink
4096,aylkofqzly.com
4097,groom002.com
4098,mastermos777.com
4099,eldorado24club.one
4100,kso303up.pro
4101,mp4moviez.cab
4102,tgshopadboard.com
4103,bolaraja.lol
4104,casino7-yyt.top
4105,sexnice.net
4106,pf21.vip
4107,mp300ty.com
4108,mainlek.com
4109,apolo77ai.xyz
4110,mabuktogel.co.uk
4111,x5b2b.com
4112,kqxsmn2023.com
4113,hentaivn.one
4114,maxplay303harum.com
4115,dewascatter1.com
4116,tommybahamaonsale.shop
4117,delman567kuda.site
4118,xcheckerviet.vip
4119,pobretv.cash
4120,udoctowerenju-vsem.ru
4121,uykmllg.cn
4122,lapakdewi.com
4123,djarum4dlangit.org
4124,dragon138great.com
4125,swcsite5.net
4126,giellalt.org
4127,kampungtaipan.com
4128,casino7com.net
4129,racik198-masuk.online
4130,delman567hoki.site
4131,robotsgame.net
4132,superflix.love
4133,voteguido.com
4134,golinkhere.com
4135,poker-dom-site.world
4136,block4aicosmopolitan.shop
4137,igrovoj-klub-vulkan.com
4138,pobreflixhd.com
4139,frendskazino.rent
4140,bukitjepe.fun
4141,aagmaal.golf
4142,gamespublish.com
4143,iserverkit.world
4144,newrea.site
4145,8x12ow.com
4146,prostitutkisevastopolyalike.info
4147,drg3dragon969.com
4148,camstar.al
4149,tantenakal.bond
4150,terjun4dred.site
4151,hk6d.cyou
4152,albaslot50.com
4153,seasons-perm.ru
4154,mpo88asiabaru.com
4155,yeusex.club
4156,4lapakcepat777.site
4157,pelisplus3.rip
4158,hokivipbos.com
4159,megajpberjaya.com
4160,123moviesfree.wine
4161,topflix.cafe
4162,superplt.vip
4163,forklift-jobs066.shop
4164,xe67.cc
4165,marga4dbos1.site
4166,cordoba99.site
4167,freshvip34.casino
4168,oricash.cloud
4169,semangatanugerahtoto.net
4170,mpo808sky.com
4171,carlscuttingboard.com
4172,b35d.com
4173,pokerdom-g45w.homes
4174,joycasino-kxq.top
4175,fresh163.casino
4176,juragan69rp.com
4177,nochi-v-sochi14.ru
4178,cuevana33.net
4179,supermpo-resmi.com
4180,formulatedideas.co.uk
4181,kso303selalu.pro
4182,kent-casino-ndi.buzz
4183,nusa89port.com
4184,da88.pro
4185,sexarostov.life
4186,openfuji188.xyz
4187,5q3t4.com
4188,gmsdeluxe-zerkalo.net
4189,mpo1221menang.com
4190,jayaomtogel.com
4191,vavadacasino.homes
4192,pandora88bet.com
4193,sunwin97.com
4194,goyangtotoaman.com
4195,cair138a.bio
4196,fresh329.casino
4197,delapangreat.com
4198,frtoon221.com
4199,finalizart.com.br
4200,gmslots-deluxe-online.com
4201,solcasino2008.com
4202,rekening168-slot.com
4203,gsnewads.store
4204,duit66naik.com
4205,playwin123ysn.com
4206,venus4dcantik.com
4207,bokepindoh.today
4208,tdtc6688.com
4209,bokepindoh.asia
4210,udostoverenie199.com
4211,sagame368.com
4212,cuevana3z.tax
4213,fresh279.casino
4214,ennovelas.site
4215,pokerdomhome.blog
4216,bokebhub.world
4217,myvxk.com
4218,bolahiugg.com
4219,levelerpoetry.com
4220,girlhuub.al
4221,bbtn4dcasino.com
4222,casinoshka.xyz
4223,jackpotjati88.blog
4224,lokasi4dkeren.com
4225,oasis99-start.xyz
4226,edan777ternama.store
4227,soap2dayy.pro
4228,uncutclip.com
4229,subdotu.com
4230,145fixbet.com
4231,platinumcasino315.com
4232,quicksurveytrack.com
4233,pokerdom-13.online
4234,b6cxv.com
4235,mts69win.online
4236,monro48.casino
4237,fresh7dewa.com
4238,vavada416.info
4239,magiclime.app
4240,130betorspin.com
4241,pokerdom-home.online
4242,durumitv.xyz
4243,pelisflix2.charity
4244,omo777big.site
4245,linkini777a.com
4246,fountainhillscreative.com
4247,linksagen.store
4248,88fkblk.com
4249,cucikardus.com
4250,whoorteelsa.com
4251,setwalls2.pro
4252,eurekaddl.motorcycles
4253,norocksolo.com
4254,casinometropol531.com
4255,keraton4d.company
4256,rocnation.day
4257,altadefinizione01.pet
4258,info-path.xyz
4259,fresh235.casino
4260,motphimchilltw.in
4261,kupuw-prawa.com
4262,pesgslot-ori5.pro
4263,cmbet31.com
4264,judimpo16.com
4265,riobetcasino-tba.top
4266,super89win.icu
4267,spin707c.com
4268,fresh292.casino
4269,semomateriales.org
4270,thapcam.tv
4271,bumi138king.com
4272,fnukm.com
4273,pelisplus3.host
4274,sexpad.net
4275,joycasino-ujt.buzz
4276,miliarslot77id.org
4277,ajudan303a2.com
4278,casinoshka2.buzz
4279,sritotokuy.com
4280,123kakek.store
4281,lancarantisusah.info
4282,judolbet88streak.com
4283,yomovies.boo
4284,dem-part.life
4285,albaslot53.com
4286,capitaltotoisthebest.com
4287,bet10ribulord.com
4288,immaculate-championship.com
4289,lejorg.com
4290,sob99a.site
4291,terminal4dcom.homes
4292,gamespoolscell.com
4293,rudaltoto200.com
4294,simbarem.com
4295,armymil.xyz
4296,firstplay88terbang.com
4297,yuki77-cun.com
4298,6sgu8c.mom
4299,rudaltotomenyala.com
4300,legenda555b.site
4301,masterlink69.xyz
4302,betnis515.com
4303,cartel4d2i6j.com
4304,34tz.com
4305,i7siswqosof.com
4306,pokerbro8.online
4307,zeus200av.com
4308,b0rtpm.cyou
4309,overflix.ceo
4310,boomingsugar.com
4311,audiocxs.ru
4312,kupuu-prawa.com
4313,videofutur.store
4314,sinardewaasli.com
4315,dbwinebarandkitchen.com
4316,1xlite-004564.top
4317,historypublishingco.com
4318,serviceexperienced.com
4319,stadium4d7.net
4320,wiflix-catalogue.com
